year,cps(CRU),cps(iCRU),no-dendro cps(CRU), no-dendro cps(iCRU), no-luter cps(CRU), no-luter cps(iCRU), uncertainty
0,NaN,NaN,NaN,NaN,NaN,NaN,NaN
1,NaN,NaN,NaN,NaN,NaN,NaN,NaN
2,NaN,NaN,NaN,NaN,NaN,NaN,NaN
3,NaN,NaN,NaN,NaN,NaN,NaN,NaN
4,NaN,NaN,NaN,NaN,NaN,NaN,NaN
5,NaN,NaN,NaN,NaN,NaN,NaN,NaN
6,NaN,NaN,NaN,NaN,NaN,NaN,NaN
7,NaN,NaN,NaN,NaN,NaN,NaN,NaN
8,NaN,NaN,NaN,NaN,NaN,NaN,NaN
9,NaN,NaN,NaN,NaN,NaN,NaN,NaN
10,NaN,NaN,NaN,NaN,NaN,NaN,NaN
11,NaN,NaN,NaN,NaN,NaN,NaN,NaN
12,NaN,NaN,NaN,NaN,NaN,NaN,NaN
13,NaN,NaN,NaN,NaN,NaN,NaN,NaN
14,NaN,NaN,NaN,NaN,NaN,NaN,NaN
15,NaN,NaN,NaN,NaN,NaN,NaN,NaN
16,NaN,NaN,NaN,NaN,NaN,NaN,NaN
17,NaN,NaN,NaN,NaN,NaN,NaN,NaN
18,NaN,NaN,NaN,NaN,NaN,NaN,NaN
19,NaN,NaN,NaN,NaN,NaN,NaN,NaN
20,NaN,NaN,NaN,NaN,NaN,NaN,NaN
21,NaN,NaN,NaN,NaN,NaN,NaN,NaN
22,NaN,NaN,NaN,NaN,NaN,NaN,NaN
23,NaN,NaN,NaN,NaN,NaN,NaN,NaN
24,NaN,NaN,NaN,NaN,NaN,NaN,NaN
25,NaN,NaN,NaN,NaN,NaN,NaN,NaN
26,NaN,NaN,NaN,NaN,NaN,NaN,NaN
27,NaN,NaN,NaN,NaN,NaN,NaN,NaN
28,NaN,NaN,NaN,NaN,NaN,NaN,NaN
29,NaN,NaN,NaN,NaN,NaN,NaN,NaN
30,NaN,NaN,NaN,NaN,NaN,NaN,NaN
31,NaN,NaN,NaN,NaN,NaN,NaN,NaN
32,NaN,NaN,NaN,NaN,NaN,NaN,NaN
33,NaN,NaN,NaN,NaN,NaN,NaN,NaN
34,NaN,NaN,NaN,NaN,NaN,NaN,NaN
35,NaN,NaN,NaN,NaN,NaN,NaN,NaN
36,NaN,NaN,NaN,NaN,NaN,NaN,NaN
37,NaN,NaN,NaN,NaN,NaN,NaN,NaN
38,NaN,NaN,NaN,NaN,NaN,NaN,NaN
39,NaN,NaN,NaN,NaN,NaN,NaN,NaN
40,NaN,NaN,NaN,NaN,NaN,NaN,NaN
41,NaN,NaN,NaN,NaN,NaN,NaN,NaN
42,NaN,NaN,NaN,NaN,NaN,NaN,NaN
43,NaN,NaN,NaN,NaN,NaN,NaN,NaN
44,NaN,NaN,NaN,NaN,NaN,NaN,NaN
45,NaN,NaN,NaN,NaN,NaN,NaN,NaN
46,NaN,NaN,NaN,NaN,NaN,NaN,NaN
47,NaN,NaN,NaN,NaN,NaN,NaN,NaN
48,NaN,NaN,NaN,NaN,NaN,NaN,NaN
49,NaN,NaN,NaN,NaN,NaN,NaN,NaN
50,NaN,NaN,NaN,NaN,NaN,NaN,NaN
51,NaN,NaN,NaN,NaN,NaN,NaN,NaN
52,NaN,NaN,NaN,NaN,NaN,NaN,NaN
53,NaN,NaN,NaN,NaN,NaN,NaN,NaN
54,NaN,NaN,NaN,NaN,NaN,NaN,NaN
55,NaN,NaN,NaN,NaN,NaN,NaN,NaN
56,NaN,NaN,NaN,NaN,NaN,NaN,NaN
57,NaN,NaN,NaN,NaN,NaN,NaN,NaN
58,NaN,NaN,NaN,NaN,NaN,NaN,NaN
59,NaN,NaN,NaN,NaN,NaN,NaN,NaN
60,NaN,NaN,NaN,NaN,NaN,NaN,NaN
61,NaN,NaN,NaN,NaN,NaN,NaN,NaN
62,NaN,NaN,NaN,NaN,NaN,NaN,NaN
63,NaN,NaN,NaN,NaN,NaN,NaN,NaN
64,NaN,NaN,NaN,NaN,NaN,NaN,NaN
65,NaN,NaN,NaN,NaN,NaN,NaN,NaN
66,NaN,NaN,NaN,NaN,NaN,NaN,NaN
67,NaN,NaN,NaN,NaN,NaN,NaN,NaN
68,NaN,NaN,NaN,NaN,NaN,NaN,NaN
69,NaN,NaN,NaN,NaN,NaN,NaN,NaN
70,NaN,NaN,NaN,NaN,NaN,NaN,NaN
71,NaN,NaN,NaN,NaN,NaN,NaN,NaN
72,NaN,NaN,NaN,NaN,NaN,NaN,NaN
73,NaN,NaN,NaN,NaN,NaN,NaN,NaN
74,NaN,NaN,NaN,NaN,NaN,NaN,NaN
75,NaN,NaN,NaN,NaN,NaN,NaN,NaN
76,NaN,NaN,NaN,NaN,NaN,NaN,NaN
77,NaN,NaN,NaN,NaN,NaN,NaN,NaN
78,NaN,NaN,NaN,NaN,NaN,NaN,NaN
79,NaN,NaN,NaN,NaN,NaN,NaN,NaN
80,NaN,NaN,NaN,NaN,NaN,NaN,NaN
81,NaN,NaN,NaN,NaN,NaN,NaN,NaN
82,NaN,NaN,NaN,NaN,NaN,NaN,NaN
83,NaN,NaN,NaN,NaN,NaN,NaN,NaN
84,NaN,NaN,NaN,NaN,NaN,NaN,NaN
85,NaN,NaN,NaN,NaN,NaN,NaN,NaN
86,NaN,NaN,NaN,NaN,NaN,NaN,NaN
87,NaN,NaN,NaN,NaN,NaN,NaN,NaN
88,NaN,NaN,NaN,NaN,NaN,NaN,NaN
89,NaN,NaN,NaN,NaN,NaN,NaN,NaN
90,NaN,NaN,NaN,NaN,NaN,NaN,NaN
91,NaN,NaN,NaN,NaN,NaN,NaN,NaN
92,NaN,NaN,NaN,NaN,NaN,NaN,NaN
93,NaN,NaN,NaN,NaN,NaN,NaN,NaN
94,NaN,NaN,NaN,NaN,NaN,NaN,NaN
95,NaN,NaN,NaN,NaN,NaN,NaN,NaN
96,NaN,NaN,NaN,NaN,NaN,NaN,NaN
97,NaN,NaN,NaN,NaN,NaN,NaN,NaN
98,NaN,NaN,NaN,NaN,NaN,NaN,NaN
99,NaN,NaN,NaN,NaN,NaN,NaN,NaN
100,NaN,NaN,NaN,NaN,NaN,NaN,NaN
101,NaN,NaN,NaN,NaN,NaN,NaN,NaN
102,NaN,NaN,NaN,NaN,NaN,NaN,NaN
103,NaN,NaN,NaN,NaN,NaN,NaN,NaN
104,NaN,NaN,NaN,NaN,NaN,NaN,NaN
105,NaN,NaN,NaN,NaN,NaN,NaN,NaN
106,NaN,NaN,NaN,NaN,NaN,NaN,NaN
107,NaN,NaN,NaN,NaN,NaN,NaN,NaN
108,NaN,NaN,NaN,NaN,NaN,NaN,NaN
109,NaN,NaN,NaN,NaN,NaN,NaN,NaN
110,NaN,NaN,NaN,NaN,NaN,NaN,NaN
111,NaN,NaN,NaN,NaN,NaN,NaN,NaN
112,NaN,NaN,NaN,NaN,NaN,NaN,NaN
113,NaN,NaN,NaN,NaN,NaN,NaN,NaN
114,NaN,NaN,NaN,NaN,NaN,NaN,NaN
115,NaN,NaN,NaN,NaN,NaN,NaN,NaN
116,NaN,NaN,NaN,NaN,NaN,NaN,NaN
117,NaN,NaN,NaN,NaN,NaN,NaN,NaN
118,NaN,NaN,NaN,NaN,NaN,NaN,NaN
119,NaN,NaN,NaN,NaN,NaN,NaN,NaN
120,NaN,NaN,NaN,NaN,NaN,NaN,NaN
121,NaN,NaN,NaN,NaN,NaN,NaN,NaN
122,NaN,NaN,NaN,NaN,NaN,NaN,NaN
123,NaN,NaN,NaN,NaN,NaN,NaN,NaN
124,NaN,NaN,NaN,NaN,NaN,NaN,NaN
125,NaN,NaN,NaN,NaN,NaN,NaN,NaN
126,NaN,NaN,NaN,NaN,NaN,NaN,NaN
127,NaN,NaN,NaN,NaN,NaN,NaN,NaN
128,NaN,NaN,NaN,NaN,NaN,NaN,NaN
129,NaN,NaN,NaN,NaN,NaN,NaN,NaN
130,NaN,NaN,NaN,NaN,NaN,NaN,NaN
131,NaN,NaN,NaN,NaN,NaN,NaN,NaN
132,NaN,NaN,NaN,NaN,NaN,NaN,NaN
133,NaN,NaN,NaN,NaN,NaN,NaN,NaN
134,NaN,NaN,NaN,NaN,NaN,NaN,NaN
135,NaN,NaN,NaN,NaN,NaN,NaN,NaN
136,NaN,NaN,NaN,NaN,NaN,NaN,NaN
137,NaN,NaN,NaN,NaN,NaN,NaN,NaN
138,NaN,NaN,NaN,NaN,NaN,NaN,NaN
139,NaN,NaN,NaN,NaN,NaN,NaN,NaN
140,NaN,NaN,NaN,NaN,NaN,NaN,NaN
141,NaN,NaN,NaN,NaN,NaN,NaN,NaN
142,NaN,NaN,NaN,NaN,NaN,NaN,NaN
143,NaN,NaN,NaN,NaN,NaN,NaN,NaN
144,NaN,NaN,NaN,NaN,NaN,NaN,NaN
145,NaN,NaN,NaN,NaN,NaN,NaN,NaN
146,NaN,NaN,NaN,NaN,NaN,NaN,NaN
147,NaN,NaN,NaN,NaN,NaN,NaN,NaN
148,NaN,NaN,NaN,NaN,NaN,NaN,NaN
149,NaN,NaN,NaN,NaN,NaN,NaN,NaN
150,NaN,NaN,NaN,NaN,NaN,NaN,NaN
151,NaN,NaN,NaN,NaN,NaN,NaN,NaN
152,NaN,NaN,NaN,NaN,NaN,NaN,NaN
153,NaN,NaN,NaN,NaN,NaN,NaN,NaN
154,NaN,NaN,NaN,NaN,NaN,NaN,NaN
155,NaN,NaN,NaN,NaN,NaN,NaN,NaN
156,NaN,NaN,NaN,NaN,NaN,NaN,NaN
157,NaN,NaN,NaN,NaN,NaN,NaN,NaN
158,NaN,NaN,NaN,NaN,NaN,NaN,NaN
159,NaN,NaN,NaN,NaN,NaN,NaN,NaN
160,NaN,NaN,NaN,NaN,NaN,NaN,NaN
161,NaN,NaN,NaN,NaN,NaN,NaN,NaN
162,NaN,NaN,NaN,NaN,NaN,NaN,NaN
163,NaN,NaN,NaN,NaN,NaN,NaN,NaN
164,NaN,NaN,NaN,NaN,NaN,NaN,NaN
165,NaN,NaN,NaN,NaN,NaN,NaN,NaN
166,NaN,NaN,NaN,NaN,NaN,NaN,NaN
167,NaN,NaN,NaN,NaN,NaN,NaN,NaN
168,NaN,NaN,NaN,NaN,NaN,NaN,NaN
169,NaN,NaN,NaN,NaN,NaN,NaN,NaN
170,NaN,NaN,NaN,NaN,NaN,NaN,NaN
171,NaN,NaN,NaN,NaN,NaN,NaN,NaN
172,NaN,NaN,NaN,NaN,NaN,NaN,NaN
173,NaN,NaN,NaN,NaN,NaN,NaN,NaN
174,NaN,NaN,NaN,NaN,NaN,NaN,NaN
175,NaN,NaN,NaN,NaN,NaN,NaN,NaN
176,NaN,NaN,NaN,NaN,NaN,NaN,NaN
177,NaN,NaN,NaN,NaN,NaN,NaN,NaN
178,NaN,NaN,NaN,NaN,NaN,NaN,NaN
179,NaN,NaN,NaN,NaN,NaN,NaN,NaN
180,NaN,NaN,NaN,NaN,NaN,NaN,NaN
181,NaN,NaN,NaN,NaN,NaN,NaN,NaN
182,NaN,NaN,NaN,NaN,NaN,NaN,NaN
183,NaN,NaN,NaN,NaN,NaN,NaN,NaN
184,NaN,NaN,NaN,NaN,NaN,NaN,NaN
185,NaN,NaN,NaN,NaN,NaN,NaN,NaN
186,NaN,NaN,NaN,NaN,NaN,NaN,NaN
187,NaN,NaN,NaN,NaN,NaN,NaN,NaN
188,NaN,NaN,NaN,NaN,NaN,NaN,NaN
189,NaN,NaN,NaN,NaN,NaN,NaN,NaN
190,NaN,NaN,NaN,NaN,NaN,NaN,NaN
191,NaN,NaN,NaN,NaN,NaN,NaN,NaN
192,NaN,NaN,NaN,NaN,NaN,NaN,NaN
193,NaN,NaN,NaN,NaN,NaN,NaN,NaN
194,NaN,NaN,NaN,NaN,NaN,NaN,NaN
195,NaN,NaN,NaN,NaN,NaN,NaN,NaN
196,NaN,NaN,NaN,NaN,NaN,NaN,NaN
197,NaN,NaN,NaN,NaN,NaN,NaN,NaN
198,NaN,NaN,NaN,NaN,NaN,NaN,NaN
199,NaN,NaN,NaN,NaN,NaN,NaN,NaN
200,NaN,NaN,NaN,NaN,NaN,NaN,NaN
201,NaN,NaN,NaN,NaN,NaN,NaN,NaN
202,NaN,NaN,NaN,NaN,NaN,NaN,NaN
203,NaN,NaN,NaN,NaN,NaN,NaN,NaN
204,NaN,NaN,NaN,NaN,NaN,NaN,NaN
205,NaN,NaN,NaN,NaN,NaN,NaN,NaN
206,NaN,NaN,NaN,NaN,NaN,NaN,NaN
207,NaN,NaN,NaN,NaN,NaN,NaN,NaN
208,NaN,NaN,NaN,NaN,NaN,NaN,NaN
209,NaN,NaN,NaN,NaN,NaN,NaN,NaN
210,NaN,NaN,NaN,NaN,NaN,NaN,NaN
211,NaN,NaN,NaN,NaN,NaN,NaN,NaN
212,NaN,NaN,NaN,NaN,NaN,NaN,NaN
213,NaN,NaN,NaN,NaN,NaN,NaN,NaN
214,NaN,NaN,NaN,NaN,NaN,NaN,NaN
215,NaN,NaN,NaN,NaN,NaN,NaN,NaN
216,NaN,NaN,NaN,NaN,NaN,NaN,NaN
217,NaN,NaN,NaN,NaN,NaN,NaN,NaN
218,NaN,NaN,NaN,NaN,NaN,NaN,NaN
219,NaN,NaN,NaN,NaN,NaN,NaN,NaN
220,NaN,NaN,NaN,NaN,NaN,NaN,NaN
221,NaN,NaN,NaN,NaN,NaN,NaN,NaN
222,NaN,NaN,NaN,NaN,NaN,NaN,NaN
223,NaN,NaN,NaN,NaN,NaN,NaN,NaN
224,NaN,NaN,NaN,NaN,NaN,NaN,NaN
225,NaN,NaN,NaN,NaN,NaN,NaN,NaN
226,NaN,NaN,NaN,NaN,NaN,NaN,NaN
227,NaN,NaN,NaN,NaN,NaN,NaN,NaN
228,NaN,NaN,NaN,NaN,NaN,NaN,NaN
229,NaN,NaN,NaN,NaN,NaN,NaN,NaN
230,NaN,NaN,NaN,NaN,NaN,NaN,NaN
231,NaN,NaN,NaN,NaN,NaN,NaN,NaN
232,NaN,NaN,NaN,NaN,NaN,NaN,NaN
233,NaN,NaN,NaN,NaN,NaN,NaN,NaN
234,NaN,NaN,NaN,NaN,NaN,NaN,NaN
235,NaN,NaN,NaN,NaN,NaN,NaN,NaN
236,NaN,NaN,NaN,NaN,NaN,NaN,NaN
237,NaN,NaN,NaN,NaN,NaN,NaN,NaN
238,NaN,NaN,NaN,NaN,NaN,NaN,NaN
239,NaN,NaN,NaN,NaN,NaN,NaN,NaN
240,NaN,NaN,NaN,NaN,NaN,NaN,NaN
241,NaN,NaN,NaN,NaN,NaN,NaN,NaN
242,NaN,NaN,NaN,NaN,NaN,NaN,NaN
243,NaN,NaN,NaN,NaN,NaN,NaN,NaN
244,NaN,NaN,NaN,NaN,NaN,NaN,NaN
245,NaN,NaN,NaN,NaN,NaN,NaN,NaN
246,NaN,NaN,NaN,NaN,NaN,NaN,NaN
247,NaN,NaN,NaN,NaN,NaN,NaN,NaN
248,NaN,NaN,NaN,NaN,NaN,NaN,NaN
249,NaN,NaN,NaN,NaN,NaN,NaN,NaN
250,NaN,NaN,NaN,NaN,NaN,NaN,NaN
251,NaN,NaN,NaN,NaN,NaN,NaN,NaN
252,NaN,NaN,NaN,NaN,NaN,NaN,NaN
253,NaN,NaN,NaN,NaN,NaN,NaN,NaN
254,NaN,NaN,NaN,NaN,NaN,NaN,NaN
255,NaN,NaN,NaN,NaN,NaN,NaN,NaN
256,NaN,NaN,NaN,NaN,NaN,NaN,NaN
257,NaN,NaN,NaN,NaN,NaN,NaN,NaN
258,NaN,NaN,NaN,NaN,NaN,NaN,NaN
259,NaN,NaN,NaN,NaN,NaN,NaN,NaN
260,NaN,NaN,NaN,NaN,NaN,NaN,NaN
261,NaN,NaN,NaN,NaN,NaN,NaN,NaN
262,NaN,NaN,NaN,NaN,NaN,NaN,NaN
263,NaN,NaN,NaN,NaN,NaN,NaN,NaN
264,NaN,NaN,NaN,NaN,NaN,NaN,NaN
265,NaN,NaN,NaN,NaN,NaN,NaN,NaN
266,NaN,NaN,NaN,NaN,NaN,NaN,NaN
267,NaN,NaN,NaN,NaN,NaN,NaN,NaN
268,NaN,NaN,NaN,NaN,NaN,NaN,NaN
269,NaN,NaN,NaN,NaN,NaN,NaN,NaN
270,NaN,NaN,NaN,NaN,NaN,NaN,NaN
271,NaN,NaN,NaN,NaN,NaN,NaN,NaN
272,NaN,NaN,NaN,NaN,NaN,NaN,NaN
273,NaN,NaN,NaN,NaN,NaN,NaN,NaN
274,NaN,NaN,NaN,NaN,NaN,NaN,NaN
275,NaN,NaN,NaN,NaN,NaN,NaN,NaN
276,NaN,NaN,NaN,NaN,NaN,NaN,NaN
277,NaN,NaN,NaN,NaN,NaN,NaN,NaN
278,NaN,NaN,NaN,NaN,NaN,NaN,NaN
279,NaN,NaN,NaN,NaN,NaN,NaN,NaN
280,NaN,NaN,NaN,NaN,NaN,NaN,NaN
281,NaN,NaN,NaN,NaN,NaN,NaN,NaN
282,NaN,NaN,NaN,NaN,NaN,NaN,NaN
283,NaN,NaN,NaN,NaN,NaN,NaN,NaN
284,NaN,NaN,NaN,NaN,NaN,NaN,NaN
285,NaN,NaN,NaN,NaN,NaN,NaN,NaN
286,NaN,NaN,NaN,NaN,NaN,NaN,NaN
287,NaN,NaN,NaN,NaN,NaN,NaN,NaN
288,NaN,NaN,NaN,NaN,NaN,NaN,NaN
289,NaN,NaN,NaN,NaN,NaN,NaN,NaN
290,NaN,NaN,NaN,NaN,NaN,NaN,NaN
291,NaN,NaN,NaN,NaN,NaN,NaN,NaN
292,NaN,NaN,NaN,NaN,NaN,NaN,NaN
293,NaN,NaN,NaN,NaN,NaN,NaN,NaN
294,NaN,NaN,NaN,NaN,NaN,NaN,NaN
295,NaN,NaN,NaN,NaN,NaN,NaN,NaN
296,NaN,NaN,NaN,NaN,NaN,NaN,NaN
297,NaN,NaN,NaN,NaN,NaN,NaN,NaN
298,NaN,NaN,NaN,NaN,NaN,NaN,NaN
299,NaN,NaN,NaN,NaN,NaN,NaN,NaN
300,NaN,NaN,NaN,NaN,NaN,NaN,NaN
301,NaN,NaN,NaN,NaN,NaN,NaN,NaN
302,NaN,NaN,NaN,NaN,NaN,NaN,NaN
303,NaN,NaN,NaN,NaN,NaN,NaN,NaN
304,NaN,NaN,NaN,NaN,NaN,NaN,NaN
305,NaN,NaN,NaN,NaN,NaN,NaN,NaN
306,NaN,NaN,NaN,NaN,NaN,NaN,NaN
307,NaN,NaN,NaN,NaN,NaN,NaN,NaN
308,NaN,NaN,NaN,NaN,NaN,NaN,NaN
309,NaN,NaN,NaN,NaN,NaN,NaN,NaN
310,NaN,NaN,NaN,NaN,NaN,NaN,NaN
311,NaN,NaN,NaN,NaN,NaN,NaN,NaN
312,NaN,NaN,NaN,NaN,NaN,NaN,NaN
313,NaN,NaN,NaN,NaN,NaN,NaN,NaN
314,NaN,NaN,NaN,NaN,NaN,NaN,NaN
315,NaN,NaN,NaN,NaN,NaN,NaN,NaN
316,NaN,NaN,NaN,NaN,NaN,NaN,NaN
317,NaN,NaN,NaN,NaN,NaN,NaN,NaN
318,NaN,NaN,NaN,NaN,NaN,NaN,NaN
319,NaN,NaN,NaN,NaN,NaN,NaN,NaN
320,NaN,NaN,NaN,NaN,NaN,NaN,NaN
321,NaN,NaN,NaN,NaN,NaN,NaN,NaN
322,NaN,NaN,NaN,NaN,NaN,NaN,NaN
323,NaN,NaN,NaN,NaN,NaN,NaN,NaN
324,NaN,NaN,NaN,NaN,NaN,NaN,NaN
325,NaN,NaN,NaN,NaN,NaN,NaN,NaN
326,NaN,NaN,NaN,NaN,NaN,NaN,NaN
327,NaN,NaN,NaN,NaN,NaN,NaN,NaN
328,NaN,NaN,NaN,NaN,NaN,NaN,NaN
329,NaN,NaN,NaN,NaN,NaN,NaN,NaN
330,NaN,NaN,NaN,NaN,NaN,NaN,NaN
331,NaN,NaN,NaN,NaN,NaN,NaN,NaN
332,NaN,NaN,NaN,NaN,NaN,NaN,NaN
333,NaN,NaN,NaN,NaN,NaN,NaN,NaN
334,NaN,NaN,NaN,NaN,NaN,NaN,NaN
335,NaN,NaN,NaN,NaN,NaN,NaN,NaN
336,NaN,NaN,NaN,NaN,NaN,NaN,NaN
337,NaN,NaN,NaN,NaN,NaN,NaN,NaN
338,NaN,NaN,NaN,NaN,NaN,NaN,NaN
339,NaN,NaN,NaN,NaN,NaN,NaN,NaN
340,NaN,NaN,NaN,NaN,NaN,NaN,NaN
341,NaN,NaN,NaN,NaN,NaN,NaN,NaN
342,NaN,NaN,NaN,NaN,NaN,NaN,NaN
343,NaN,NaN,NaN,NaN,NaN,NaN,NaN
344,NaN,NaN,NaN,NaN,NaN,NaN,NaN
345,NaN,NaN,NaN,NaN,NaN,NaN,NaN
346,NaN,NaN,NaN,NaN,NaN,NaN,NaN
347,NaN,NaN,NaN,NaN,NaN,NaN,NaN
348,NaN,NaN,NaN,NaN,NaN,NaN,NaN
349,NaN,NaN,NaN,NaN,NaN,NaN,NaN
350,NaN,NaN,NaN,NaN,NaN,NaN,NaN
351,NaN,NaN,NaN,NaN,NaN,NaN,NaN
352,NaN,NaN,NaN,NaN,NaN,NaN,NaN
353,NaN,NaN,NaN,NaN,NaN,NaN,NaN
354,NaN,NaN,NaN,NaN,NaN,NaN,NaN
355,NaN,NaN,NaN,NaN,NaN,NaN,NaN
356,NaN,NaN,NaN,NaN,NaN,NaN,NaN
357,NaN,NaN,NaN,NaN,NaN,NaN,NaN
358,NaN,NaN,NaN,NaN,NaN,NaN,NaN
359,NaN,NaN,NaN,NaN,NaN,NaN,NaN
360,NaN,NaN,NaN,NaN,NaN,NaN,NaN
361,NaN,NaN,NaN,NaN,NaN,NaN,NaN
362,NaN,NaN,NaN,NaN,NaN,NaN,NaN
363,NaN,NaN,NaN,NaN,NaN,NaN,NaN
364,NaN,NaN,NaN,NaN,NaN,NaN,NaN
365,NaN,NaN,NaN,NaN,NaN,NaN,NaN
366,NaN,NaN,NaN,NaN,NaN,NaN,NaN
367,NaN,NaN,NaN,NaN,NaN,NaN,NaN
368,NaN,NaN,NaN,NaN,NaN,NaN,NaN
369,NaN,NaN,NaN,NaN,NaN,NaN,NaN
370,NaN,NaN,NaN,NaN,NaN,NaN,NaN
371,NaN,NaN,NaN,NaN,NaN,NaN,NaN
372,NaN,NaN,NaN,NaN,NaN,NaN,NaN
373,NaN,NaN,NaN,NaN,NaN,NaN,NaN
374,NaN,NaN,NaN,NaN,NaN,NaN,NaN
375,NaN,NaN,NaN,NaN,NaN,NaN,NaN
376,NaN,NaN,NaN,NaN,NaN,NaN,NaN
377,NaN,NaN,NaN,NaN,NaN,NaN,NaN
378,NaN,NaN,NaN,NaN,NaN,NaN,NaN
379,NaN,NaN,NaN,NaN,NaN,NaN,NaN
380,NaN,NaN,NaN,NaN,NaN,NaN,NaN
381,NaN,NaN,NaN,NaN,NaN,NaN,NaN
382,NaN,NaN,NaN,NaN,NaN,NaN,NaN
383,NaN,NaN,NaN,NaN,NaN,NaN,NaN
384,NaN,NaN,NaN,NaN,NaN,NaN,NaN
385,NaN,NaN,NaN,NaN,NaN,NaN,NaN
386,NaN,NaN,NaN,NaN,NaN,NaN,NaN
387,NaN,NaN,NaN,NaN,NaN,NaN,NaN
388,NaN,NaN,NaN,NaN,NaN,NaN,NaN
389,NaN,NaN,NaN,NaN,NaN,NaN,NaN
390,NaN,NaN,NaN,NaN,NaN,NaN,NaN
391,NaN,NaN,NaN,NaN,NaN,NaN,NaN
392,NaN,NaN,NaN,NaN,NaN,NaN,NaN
393,NaN,NaN,NaN,NaN,NaN,NaN,NaN
394,NaN,NaN,NaN,NaN,NaN,NaN,NaN
395,NaN,NaN,NaN,NaN,NaN,NaN,NaN
396,NaN,NaN,NaN,NaN,NaN,NaN,NaN
397,NaN,NaN,NaN,NaN,NaN,NaN,NaN
398,NaN,NaN,NaN,NaN,NaN,NaN,NaN
399,NaN,NaN,NaN,NaN,NaN,NaN,NaN
400,NaN,NaN,NaN,NaN,NaN,NaN,NaN
401,NaN,NaN,NaN,NaN,NaN,NaN,NaN
402,NaN,NaN,NaN,NaN,NaN,NaN,NaN
403,NaN,NaN,NaN,NaN,NaN,NaN,NaN
404,NaN,NaN,NaN,NaN,NaN,NaN,NaN
405,NaN,NaN,NaN,NaN,NaN,NaN,NaN
406,NaN,NaN,NaN,NaN,NaN,NaN,NaN
407,NaN,NaN,NaN,NaN,NaN,NaN,NaN
408,NaN,NaN,NaN,NaN,NaN,NaN,NaN
409,NaN,NaN,NaN,NaN,NaN,NaN,NaN
410,NaN,NaN,NaN,NaN,NaN,NaN,NaN
411,NaN,NaN,NaN,NaN,NaN,NaN,NaN
412,NaN,NaN,NaN,NaN,NaN,NaN,NaN
413,NaN,NaN,NaN,NaN,NaN,NaN,NaN
414,NaN,NaN,NaN,NaN,NaN,NaN,NaN
415,NaN,NaN,NaN,NaN,NaN,NaN,NaN
416,NaN,NaN,NaN,NaN,NaN,NaN,NaN
417,NaN,NaN,NaN,NaN,NaN,NaN,NaN
418,NaN,NaN,NaN,NaN,NaN,NaN,NaN
419,NaN,NaN,NaN,NaN,NaN,NaN,NaN
420,NaN,NaN,NaN,NaN,NaN,NaN,NaN
421,NaN,NaN,NaN,NaN,NaN,NaN,NaN
422,NaN,NaN,NaN,NaN,NaN,NaN,NaN
423,NaN,NaN,NaN,NaN,NaN,NaN,NaN
424,NaN,NaN,NaN,NaN,NaN,NaN,NaN
425,NaN,NaN,NaN,NaN,NaN,NaN,NaN
426,NaN,NaN,NaN,NaN,NaN,NaN,NaN
427,NaN,NaN,NaN,NaN,NaN,NaN,NaN
428,NaN,NaN,NaN,NaN,NaN,NaN,NaN
429,NaN,NaN,NaN,NaN,NaN,NaN,NaN
430,NaN,NaN,NaN,NaN,NaN,NaN,NaN
431,NaN,NaN,NaN,NaN,NaN,NaN,NaN
432,NaN,NaN,NaN,NaN,NaN,NaN,NaN
433,NaN,NaN,NaN,NaN,NaN,NaN,NaN
434,NaN,NaN,NaN,NaN,NaN,NaN,NaN
435,NaN,NaN,NaN,NaN,NaN,NaN,NaN
436,NaN,NaN,NaN,NaN,NaN,NaN,NaN
437,NaN,NaN,NaN,NaN,NaN,NaN,NaN
438,NaN,NaN,NaN,NaN,NaN,NaN,NaN
439,NaN,NaN,NaN,NaN,NaN,NaN,NaN
440,NaN,NaN,NaN,NaN,NaN,NaN,NaN
441,NaN,NaN,NaN,NaN,NaN,NaN,NaN
442,NaN,NaN,NaN,NaN,NaN,NaN,NaN
443,NaN,NaN,NaN,NaN,NaN,NaN,NaN
444,NaN,NaN,NaN,NaN,NaN,NaN,NaN
445,NaN,NaN,NaN,NaN,NaN,NaN,NaN
446,NaN,NaN,NaN,NaN,NaN,NaN,NaN
447,NaN,NaN,NaN,NaN,NaN,NaN,NaN
448,NaN,NaN,NaN,NaN,NaN,NaN,NaN
449,NaN,NaN,NaN,NaN,NaN,NaN,NaN
450,NaN,NaN,NaN,NaN,NaN,NaN,NaN
451,NaN,NaN,NaN,NaN,NaN,NaN,NaN
452,NaN,NaN,NaN,NaN,NaN,NaN,NaN
453,NaN,NaN,NaN,NaN,NaN,NaN,NaN
454,NaN,NaN,NaN,NaN,NaN,NaN,NaN
455,NaN,NaN,NaN,NaN,NaN,NaN,NaN
456,NaN,NaN,NaN,NaN,NaN,NaN,NaN
457,NaN,NaN,NaN,NaN,NaN,NaN,NaN
458,NaN,NaN,NaN,NaN,NaN,NaN,NaN
459,NaN,NaN,NaN,NaN,NaN,NaN,NaN
460,NaN,NaN,NaN,NaN,NaN,NaN,NaN
461,NaN,NaN,NaN,NaN,NaN,NaN,NaN
462,NaN,NaN,NaN,NaN,NaN,NaN,NaN
463,NaN,NaN,NaN,NaN,NaN,NaN,NaN
464,NaN,NaN,NaN,NaN,NaN,NaN,NaN
465,NaN,NaN,NaN,NaN,NaN,NaN,NaN
466,NaN,NaN,NaN,NaN,NaN,NaN,NaN
467,NaN,NaN,NaN,NaN,NaN,NaN,NaN
468,NaN,NaN,NaN,NaN,NaN,NaN,NaN
469,NaN,NaN,NaN,NaN,NaN,NaN,NaN
470,NaN,NaN,NaN,NaN,NaN,NaN,NaN
471,NaN,NaN,NaN,NaN,NaN,NaN,NaN
472,NaN,NaN,NaN,NaN,NaN,NaN,NaN
473,NaN,NaN,NaN,NaN,NaN,NaN,NaN
474,NaN,NaN,NaN,NaN,NaN,NaN,NaN
475,NaN,NaN,NaN,NaN,NaN,NaN,NaN
476,NaN,NaN,NaN,NaN,NaN,NaN,NaN
477,NaN,NaN,NaN,NaN,NaN,NaN,NaN
478,NaN,NaN,NaN,NaN,NaN,NaN,NaN
479,NaN,NaN,NaN,NaN,NaN,NaN,NaN
480,NaN,NaN,NaN,NaN,NaN,NaN,NaN
481,NaN,NaN,NaN,NaN,NaN,NaN,NaN
482,NaN,NaN,NaN,NaN,NaN,NaN,NaN
483,NaN,NaN,NaN,NaN,NaN,NaN,NaN
484,NaN,NaN,NaN,NaN,NaN,NaN,NaN
485,NaN,NaN,NaN,NaN,NaN,NaN,NaN
486,NaN,NaN,NaN,NaN,NaN,NaN,NaN
487,NaN,NaN,NaN,NaN,NaN,NaN,NaN
488,NaN,NaN,NaN,NaN,NaN,NaN,NaN
489,NaN,NaN,NaN,NaN,NaN,NaN,NaN
490,NaN,NaN,NaN,NaN,NaN,NaN,NaN
491,NaN,NaN,NaN,NaN,NaN,NaN,NaN
492,NaN,NaN,NaN,NaN,NaN,NaN,NaN
493,NaN,NaN,NaN,NaN,NaN,NaN,NaN
494,NaN,NaN,NaN,NaN,NaN,NaN,NaN
495,NaN,NaN,NaN,NaN,NaN,NaN,NaN
496,NaN,NaN,NaN,NaN,NaN,NaN,NaN
497,NaN,NaN,NaN,NaN,NaN,NaN,NaN
498,NaN,NaN,NaN,NaN,NaN,NaN,NaN
499,NaN,NaN,NaN,NaN,NaN,NaN,NaN
500,NaN,-0.27357,NaN,NaN,NaN,-0.27357,0.23062
501,NaN,-0.31484,NaN,NaN,NaN,-0.31484,0.23062
502,NaN,-0.35968,NaN,NaN,NaN,-0.35968,0.23062
503,NaN,-0.3986,NaN,NaN,NaN,-0.3986,0.23062
504,NaN,-0.42411,NaN,NaN,NaN,-0.42411,0.23062
505,NaN,-0.43223,NaN,NaN,NaN,-0.43223,0.23062
506,NaN,-0.42312,NaN,NaN,NaN,-0.42312,0.23062
507,NaN,-0.40066,NaN,NaN,NaN,-0.40066,0.23062
508,NaN,-0.37116,NaN,NaN,NaN,-0.37116,0.23062
509,NaN,-0.34173,NaN,NaN,NaN,-0.34173,0.23062
510,NaN,-0.31863,NaN,NaN,NaN,-0.31863,0.23062
511,NaN,-0.30603,NaN,NaN,NaN,-0.30603,0.23062
512,NaN,-0.30539,NaN,NaN,NaN,-0.30539,0.23062
513,NaN,-0.3155,NaN,NaN,NaN,-0.3155,0.23062
514,NaN,-0.33312,NaN,NaN,NaN,-0.33312,0.23062
515,NaN,-0.35396,NaN,NaN,NaN,-0.35396,0.23062
516,NaN,-0.37385,NaN,NaN,NaN,-0.37385,0.23062
517,NaN,-0.38969,NaN,NaN,NaN,-0.38969,0.23062
518,NaN,-0.40022,NaN,NaN,NaN,-0.40022,0.23062
519,NaN,-0.40619,NaN,NaN,NaN,-0.40619,0.23062
520,NaN,-0.41017,NaN,NaN,NaN,-0.41017,0.23062
521,NaN,-0.41581,NaN,NaN,NaN,-0.41581,0.23062
522,NaN,-0.42677,NaN,NaN,NaN,-0.42677,0.23062
523,NaN,-0.44565,NaN,NaN,NaN,-0.44565,0.23062
524,NaN,-0.47291,NaN,NaN,NaN,-0.47291,0.23062
525,NaN,-0.50636,NaN,NaN,NaN,-0.50636,0.23062
526,NaN,-0.54115,NaN,NaN,NaN,-0.54115,0.23062
527,NaN,-0.57057,NaN,NaN,NaN,-0.57057,0.23062
528,NaN,-0.58743,NaN,NaN,NaN,-0.58743,0.23062
529,NaN,-0.58585,NaN,NaN,NaN,-0.58585,0.23062
530,NaN,-0.56288,NaN,NaN,NaN,-0.56288,0.23062
531,NaN,-0.51966,NaN,NaN,NaN,-0.51966,0.23062
532,NaN,-0.46153,NaN,NaN,NaN,-0.46153,0.23062
533,NaN,-0.39705,NaN,NaN,NaN,-0.39705,0.23062
534,NaN,-0.336,NaN,NaN,NaN,-0.336,0.23062
535,NaN,-0.28694,NaN,NaN,NaN,-0.28694,0.23062
536,NaN,-0.255,NaN,NaN,NaN,-0.255,0.23062
537,NaN,-0.2406,NaN,NaN,NaN,-0.2406,0.23062
538,NaN,-0.23953,NaN,NaN,NaN,-0.23953,0.23062
539,NaN,-0.24457,NaN,NaN,NaN,-0.24457,0.23062
540,NaN,-0.24796,NaN,NaN,NaN,-0.24796,0.23062
541,NaN,-0.24423,NaN,NaN,NaN,-0.24423,0.23062
542,NaN,-0.23215,NaN,NaN,NaN,-0.23215,0.23062
543,NaN,-0.21538,NaN,NaN,NaN,-0.21538,0.23062
544,NaN,-0.20137,NaN,NaN,NaN,-0.20137,0.23062
545,NaN,-0.19889,NaN,NaN,NaN,-0.19889,0.23062
546,NaN,-0.21502,NaN,NaN,NaN,-0.21502,0.23062
547,NaN,-0.25245,NaN,NaN,NaN,-0.25245,0.23062
548,NaN,-0.30816,NaN,NaN,NaN,-0.30816,0.23062
549,NaN,-0.37381,NaN,NaN,NaN,-0.37381,0.23062
550,NaN,-0.43777,NaN,NaN,NaN,-0.43777,0.23062
551,NaN,-0.48827,NaN,NaN,NaN,-0.48827,0.23062
552,NaN,-0.51654,NaN,NaN,NaN,-0.51654,0.23062
553,NaN,-0.51913,NaN,NaN,NaN,-0.51913,0.23062
554,NaN,-0.49866,NaN,NaN,NaN,-0.49866,0.23062
555,NaN,-0.46284,NaN,NaN,NaN,-0.46284,0.23062
556,NaN,-0.42213,NaN,NaN,NaN,-0.42213,0.23062
557,NaN,-0.38684,NaN,NaN,NaN,-0.38684,0.23062
558,NaN,-0.36444,NaN,NaN,NaN,-0.36444,0.23062
559,NaN,-0.35806,NaN,NaN,NaN,-0.35806,0.23062
560,NaN,-0.36632,NaN,NaN,NaN,-0.36632,0.23062
561,NaN,-0.38454,NaN,NaN,NaN,-0.38454,0.23062
562,NaN,-0.40671,NaN,NaN,NaN,-0.40671,0.23062
563,NaN,-0.42757,NaN,NaN,NaN,-0.42757,0.23062
564,NaN,-0.44396,NaN,NaN,NaN,-0.44396,0.23062
565,NaN,-0.45527,NaN,NaN,NaN,-0.45527,0.23062
566,NaN,-0.46276,NaN,NaN,NaN,-0.46276,0.23062
567,NaN,-0.46821,NaN,NaN,NaN,-0.46821,0.23062
568,NaN,-0.47264,NaN,NaN,NaN,-0.47264,0.23062
569,NaN,-0.47539,NaN,NaN,NaN,-0.47539,0.23062
570,NaN,-0.47425,NaN,NaN,NaN,-0.47425,0.23062
571,NaN,-0.46635,NaN,NaN,NaN,-0.46635,0.23062
572,NaN,-0.44955,NaN,NaN,NaN,-0.44955,0.23062
573,NaN,-0.42368,NaN,NaN,NaN,-0.42368,0.23062
574,NaN,-0.39115,NaN,NaN,NaN,-0.39115,0.23062
575,NaN,-0.35645,NaN,NaN,NaN,-0.35645,0.23062
576,NaN,-0.32489,NaN,NaN,NaN,-0.32489,0.23062
577,NaN,-0.30068,NaN,NaN,NaN,-0.30068,0.23062
578,NaN,-0.28544,NaN,NaN,NaN,-0.28544,0.23062
579,NaN,-0.27742,NaN,NaN,NaN,-0.27742,0.23062
580,NaN,-0.27199,NaN,NaN,NaN,-0.27199,0.23062
581,NaN,-0.26325,NaN,NaN,NaN,-0.26325,0.23062
582,NaN,-0.24614,NaN,NaN,NaN,-0.24614,0.23062
583,NaN,-0.21849,NaN,NaN,NaN,-0.21849,0.23062
584,NaN,-0.18205,NaN,NaN,NaN,-0.18205,0.23062
585,NaN,-0.14231,NaN,NaN,NaN,-0.14231,0.23062
586,NaN,-0.10697,NaN,NaN,NaN,-0.10697,0.23062
587,NaN,-0.083657,NaN,NaN,NaN,-0.083657,0.23062
588,NaN,-0.077658,NaN,NaN,NaN,-0.077658,0.23062
589,NaN,-0.090312,NaN,NaN,NaN,-0.090312,0.23062
590,NaN,-0.11865,NaN,NaN,NaN,-0.11865,0.23062
591,NaN,-0.1563,NaN,NaN,NaN,-0.1563,0.23062
592,NaN,-0.19524,NaN,NaN,NaN,-0.19524,0.23062
593,NaN,-0.22794,NaN,NaN,NaN,-0.22794,0.23062
594,NaN,-0.24909,NaN,NaN,NaN,-0.24909,0.23062
595,NaN,-0.2565,NaN,NaN,NaN,-0.2565,0.23062
596,NaN,-0.25116,NaN,NaN,NaN,-0.25116,0.23062
597,NaN,-0.23643,NaN,NaN,NaN,-0.23643,0.23062
598,NaN,-0.21691,NaN,NaN,NaN,-0.21691,0.23062
599,NaN,-0.19722,NaN,NaN,NaN,-0.19722,0.23062
600,NaN,-0.18117,NaN,NaN,NaN,-0.18117,0.23062
601,NaN,-0.17121,NaN,NaN,NaN,-0.17121,0.23062
602,NaN,-0.16822,NaN,NaN,NaN,-0.16822,0.23062
603,NaN,-0.17155,NaN,NaN,NaN,-0.17155,0.23062
604,NaN,-0.17917,NaN,NaN,NaN,-0.17917,0.23062
605,NaN,-0.18791,NaN,NaN,NaN,-0.18791,0.23062
606,NaN,-0.19406,NaN,NaN,NaN,-0.19406,0.23062
607,NaN,-0.19406,NaN,NaN,NaN,-0.19406,0.23062
608,NaN,-0.18554,NaN,NaN,NaN,-0.18554,0.23062
609,NaN,-0.16816,NaN,NaN,NaN,-0.16816,0.23062
610,NaN,-0.14409,NaN,NaN,NaN,-0.14409,0.23062
611,NaN,-0.11782,NaN,NaN,NaN,-0.11782,0.23062
612,NaN,-0.095133,NaN,NaN,NaN,-0.095133,0.23062
613,NaN,-0.081517,NaN,NaN,NaN,-0.081517,0.23062
614,NaN,-0.080427,NaN,NaN,NaN,-0.080427,0.23062
615,NaN,-0.091996,NaN,NaN,NaN,-0.091996,0.23062
616,NaN,-0.11271,NaN,NaN,NaN,-0.11271,0.23062
617,NaN,-0.13624,NaN,NaN,NaN,-0.13624,0.23062
618,NaN,-0.15528,NaN,NaN,NaN,-0.15528,0.23062
619,NaN,-0.16385,NaN,NaN,NaN,-0.16385,0.23062
620,NaN,-0.15924,NaN,NaN,NaN,-0.15924,0.23062
621,NaN,-0.14307,NaN,NaN,NaN,-0.14307,0.23062
622,NaN,-0.12099,NaN,NaN,NaN,-0.12099,0.23062
623,NaN,-0.10102,NaN,NaN,NaN,-0.10102,0.23062
624,NaN,-0.091147,NaN,NaN,NaN,-0.091147,0.23062
625,NaN,-0.096811,NaN,NaN,NaN,-0.096811,0.23062
626,NaN,-0.11917,NaN,NaN,NaN,-0.11917,0.23062
627,NaN,-0.15465,NaN,NaN,NaN,-0.15465,0.23062
628,NaN,-0.19597,NaN,NaN,NaN,-0.19597,0.23062
629,NaN,-0.23427,NaN,NaN,NaN,-0.23427,0.23062
630,NaN,-0.2617,NaN,NaN,NaN,-0.2617,0.23062
631,NaN,-0.27368,NaN,NaN,NaN,-0.27368,0.23062
632,NaN,-0.27006,NaN,NaN,NaN,-0.27006,0.23062
633,NaN,-0.25495,NaN,NaN,NaN,-0.25495,0.23062
634,NaN,-0.23522,NaN,NaN,NaN,-0.23522,0.23062
635,NaN,-0.21836,NaN,NaN,NaN,-0.21836,0.23062
636,NaN,-0.21027,NaN,NaN,NaN,-0.21027,0.23062
637,NaN,-0.2137,NaN,NaN,NaN,-0.2137,0.23062
638,NaN,-0.2278,NaN,NaN,NaN,-0.2278,0.23062
639,NaN,-0.24879,NaN,NaN,NaN,-0.24879,0.23062
640,NaN,-0.27136,NaN,NaN,NaN,-0.27136,0.23062
641,NaN,-0.29038,NaN,NaN,NaN,-0.29038,0.23062
642,NaN,-0.30225,NaN,NaN,NaN,-0.30225,0.23062
643,NaN,-0.30554,NaN,NaN,NaN,-0.30554,0.23062
644,NaN,-0.30093,NaN,NaN,NaN,-0.30093,0.23062
645,NaN,-0.29042,NaN,NaN,NaN,-0.29042,0.23062
646,NaN,-0.27638,NaN,NaN,NaN,-0.27638,0.23062
647,NaN,-0.26067,NaN,NaN,NaN,-0.26067,0.23062
648,NaN,-0.24414,NaN,NaN,NaN,-0.24414,0.23062
649,NaN,-0.22663,NaN,NaN,NaN,-0.22663,0.23062
650,NaN,-0.20743,NaN,NaN,NaN,-0.20743,0.23062
651,NaN,-0.18594,NaN,NaN,NaN,-0.18594,0.23062
652,NaN,-0.16238,NaN,NaN,NaN,-0.16238,0.23062
653,NaN,-0.13826,NaN,NaN,NaN,-0.13826,0.23062
654,NaN,-0.11647,NaN,NaN,NaN,-0.11647,0.23062
655,NaN,-0.1009,NaN,NaN,NaN,-0.1009,0.23062
656,NaN,-0.095654,NaN,NaN,NaN,-0.095654,0.23062
657,NaN,-0.1039,NaN,NaN,NaN,-0.1039,0.23062
658,NaN,-0.12681,NaN,NaN,NaN,-0.12681,0.23062
659,NaN,-0.16269,NaN,NaN,NaN,-0.16269,0.23062
660,NaN,-0.20674,NaN,NaN,NaN,-0.20674,0.23062
661,NaN,-0.25168,NaN,NaN,NaN,-0.25168,0.23062
662,NaN,-0.28899,NaN,NaN,NaN,-0.28899,0.23062
663,NaN,-0.31082,NaN,NaN,NaN,-0.31082,0.23062
664,NaN,-0.31182,NaN,NaN,NaN,-0.31182,0.23062
665,NaN,-0.29056,NaN,NaN,NaN,-0.29056,0.23062
666,NaN,-0.24996,NaN,NaN,NaN,-0.24996,0.23062
667,NaN,-0.19657,NaN,NaN,NaN,-0.19657,0.23062
668,NaN,-0.13897,NaN,NaN,NaN,-0.13897,0.23062
669,NaN,-0.085617,NaN,NaN,NaN,-0.085617,0.23062
670,NaN,-0.042843,NaN,NaN,NaN,-0.042843,0.23062
671,NaN,-0.013651,NaN,NaN,NaN,-0.013651,0.23062
672,NaN,0.0023806,NaN,NaN,NaN,0.0023806,0.23062
673,NaN,0.0080904,NaN,NaN,NaN,0.0080904,0.23062
674,NaN,0.0070165,NaN,NaN,NaN,0.0070165,0.23062
675,NaN,0.0016354,NaN,NaN,NaN,0.0016354,0.23062
676,NaN,-0.0077815,NaN,NaN,NaN,-0.0077815,0.23062
677,NaN,-0.023246,NaN,NaN,NaN,-0.023246,0.23062
678,NaN,-0.048026,NaN,NaN,NaN,-0.048026,0.23062
679,NaN,-0.084897,NaN,NaN,NaN,-0.084897,0.23062
680,NaN,-0.13437,NaN,NaN,NaN,-0.13437,0.23062
681,NaN,-0.19363,NaN,NaN,NaN,-0.19363,0.23062
682,NaN,-0.25672,NaN,NaN,NaN,-0.25672,0.23062
683,NaN,-0.31596,NaN,NaN,NaN,-0.31596,0.23062
684,NaN,-0.36426,NaN,NaN,NaN,-0.36426,0.23062
685,NaN,-0.39746,NaN,NaN,NaN,-0.39746,0.23062
686,NaN,-0.41579,NaN,NaN,NaN,-0.41579,0.23062
687,NaN,-0.42392,NaN,NaN,NaN,-0.42392,0.23062
688,NaN,-0.42942,NaN,NaN,NaN,-0.42942,0.23062
689,NaN,-0.44012,NaN,NaN,NaN,-0.44012,0.23062
690,NaN,-0.46133,NaN,NaN,NaN,-0.46133,0.23062
691,NaN,-0.49382,NaN,NaN,NaN,-0.49382,0.23062
692,NaN,-0.53344,NaN,NaN,NaN,-0.53344,0.23062
693,NaN,-0.57246,NaN,NaN,NaN,-0.57246,0.23062
694,NaN,-0.60221,NaN,NaN,NaN,-0.60221,0.23062
695,NaN,-0.61612,NaN,NaN,NaN,-0.61612,0.23062
696,NaN,-0.61204,NaN,NaN,NaN,-0.61204,0.23062
697,NaN,-0.59304,NaN,NaN,NaN,-0.59304,0.23062
698,NaN,-0.56644,NaN,NaN,NaN,-0.56644,0.23062
699,NaN,-0.54136,NaN,NaN,NaN,-0.54136,0.23062
700,NaN,-0.52578,NaN,NaN,NaN,-0.50848,0.23062
701,NaN,-0.52411,NaN,NaN,NaN,-0.53335,0.23062
702,NaN,-0.53595,NaN,NaN,NaN,-0.5611,0.23062
703,NaN,-0.55652,NaN,NaN,NaN,-0.58485,0.23062
704,NaN,-0.57842,NaN,NaN,NaN,-0.59927,0.23062
705,NaN,-0.59393,NaN,NaN,NaN,-0.60161,0.23062
706,NaN,-0.59722,NaN,NaN,NaN,-0.59175,0.23062
707,NaN,-0.58562,NaN,NaN,NaN,-0.57151,0.23062
708,NaN,-0.55979,NaN,NaN,NaN,-0.54366,0.23062
709,NaN,-0.523,NaN,NaN,NaN,-0.51089,0.23062
710,NaN,-0.47985,NaN,NaN,NaN,-0.47528,0.23062
711,NaN,-0.43515,NaN,NaN,NaN,-0.43835,0.23062
712,NaN,-0.39306,NaN,NaN,NaN,-0.40152,0.23062
713,NaN,-0.35683,NaN,NaN,NaN,-0.36665,0.23062
714,NaN,-0.32877,NaN,NaN,NaN,-0.33627,0.23062
715,NaN,-0.31033,NaN,NaN,NaN,-0.31327,0.23062
716,NaN,-0.30209,NaN,NaN,NaN,-0.30023,0.23062
717,NaN,-0.30363,NaN,NaN,NaN,-0.29845,0.23062
718,NaN,-0.31348,NaN,NaN,NaN,-0.30737,0.23062
719,NaN,-0.32925,NaN,NaN,NaN,-0.32451,0.23062
720,NaN,-0.34805,NaN,NaN,NaN,-0.34611,0.23062
721,NaN,-0.36709,NaN,NaN,NaN,-0.36815,0.23062
722,NaN,-0.3842,NaN,NaN,NaN,-0.38738,0.23062
723,NaN,-0.3981,NaN,NaN,NaN,-0.40193,0.23062
724,NaN,-0.40818,NaN,NaN,NaN,-0.41121,0.23062
725,NaN,-0.41406,NaN,NaN,NaN,-0.41536,0.23062
726,NaN,-0.4151,NaN,NaN,NaN,-0.41451,0.23062
727,NaN,-0.41024,NaN,NaN,NaN,-0.40829,0.23062
728,NaN,-0.39838,NaN,NaN,NaN,-0.39598,0.23062
729,NaN,-0.37906,NaN,NaN,NaN,-0.37712,0.23062
730,NaN,-0.35321,NaN,NaN,NaN,-0.35234,0.23062
731,NaN,-0.32355,NaN,NaN,NaN,-0.32388,0.23062
732,NaN,-0.29424,NaN,NaN,NaN,-0.29544,0.23062
733,NaN,-0.26978,NaN,NaN,NaN,-0.2713,0.23062
734,NaN,-0.25371,NaN,NaN,NaN,-0.25495,0.23062
735,NaN,-0.24732,NaN,NaN,NaN,-0.2479,0.23062
736,NaN,-0.24934,NaN,NaN,NaN,-0.24917,0.23062
737,NaN,-0.25647,NaN,NaN,NaN,-0.25574,0.23062
738,NaN,-0.26483,NaN,NaN,NaN,-0.26388,0.23062
739,NaN,-0.2716,NaN,NaN,NaN,-0.27081,0.23062
740,NaN,-0.27625,NaN,NaN,NaN,-0.27586,0.23062
741,NaN,-0.28064,NaN,NaN,NaN,-0.28072,0.23062
742,NaN,-0.28801,NaN,NaN,NaN,-0.28846,0.23062
743,NaN,-0.30112,NaN,NaN,NaN,-0.30171,0.23062
744,NaN,-0.32034,NaN,NaN,NaN,-0.32085,0.23062
745,NaN,-0.34267,NaN,NaN,NaN,-0.34293,0.23062
746,NaN,-0.36201,NaN,NaN,NaN,-0.36197,0.23062
747,NaN,-0.37104,NaN,NaN,NaN,-0.37076,0.23062
748,NaN,-0.36382,NaN,NaN,NaN,-0.36345,0.23062
749,NaN,-0.33836,NaN,NaN,NaN,-0.33804,0.23062
750,NaN,-0.29793,NaN,NaN,NaN,-0.29776,0.23062
751,NaN,-0.25061,NaN,NaN,NaN,-0.25063,0.23062
752,NaN,-0.20701,NaN,NaN,NaN,-0.20718,0.23062
753,NaN,-0.17689,NaN,NaN,NaN,-0.17713,0.23062
754,NaN,-0.16586,NaN,NaN,NaN,-0.16606,0.23062
755,NaN,-0.17333,NaN,NaN,NaN,-0.17344,0.23062
756,NaN,-0.19262,NaN,NaN,NaN,-0.19262,0.23062
757,NaN,-0.21319,NaN,NaN,NaN,-0.21309,0.23062
758,NaN,-0.22425,NaN,NaN,NaN,-0.2241,0.23062
759,NaN,-0.21869,NaN,NaN,NaN,-0.21856,0.23062
760,NaN,-0.19571,NaN,NaN,NaN,-0.19563,0.23062
761,NaN,-0.16129,NaN,NaN,NaN,-0.16129,0.23062
762,NaN,-0.12636,NaN,NaN,NaN,-0.12642,0.23062
763,NaN,-0.10303,NaN,NaN,NaN,-0.10312,0.23062
764,NaN,-0.10048,NaN,NaN,NaN,-0.10056,0.23062
765,NaN,-0.12159,NaN,NaN,NaN,-0.12164,0.23062
766,NaN,-0.16183,NaN,NaN,NaN,-0.16183,0.23062
767,NaN,-0.21056,NaN,NaN,NaN,-0.21053,0.23062
768,NaN,-0.25446,NaN,NaN,NaN,-0.2544,0.23062
769,NaN,-0.28185,NaN,NaN,NaN,-0.2818,0.23062
770,NaN,-0.28659,NaN,NaN,NaN,-0.28655,0.23062
771,NaN,-0.26998,NaN,NaN,NaN,-0.26998,0.23062
772,NaN,-0.24038,NaN,NaN,NaN,-0.24041,0.23062
773,NaN,-0.21036,NaN,NaN,NaN,-0.2104,0.23062
774,NaN,-0.19257,NaN,NaN,NaN,-0.19261,0.23062
775,NaN,-0.19564,NaN,NaN,NaN,-0.19566,0.23062
776,NaN,-0.22143,NaN,NaN,NaN,-0.22144,0.23062
777,NaN,-0.26456,NaN,NaN,NaN,-0.26455,0.23062
778,NaN,-0.31425,NaN,NaN,NaN,-0.31423,0.23062
779,NaN,-0.35788,NaN,NaN,NaN,-0.35786,0.23062
780,NaN,-0.385,NaN,NaN,NaN,-0.38498,0.23062
781,NaN,-0.39046,NaN,NaN,NaN,-0.39046,0.23062
782,NaN,-0.37574,NaN,NaN,NaN,-0.37575,0.23062
783,NaN,-0.34805,NaN,NaN,NaN,-0.34806,0.23062
784,NaN,-0.31769,NaN,NaN,NaN,-0.31771,0.23062
785,NaN,-0.29463,NaN,NaN,NaN,-0.29464,0.23062
786,NaN,-0.28545,NaN,NaN,NaN,-0.28545,0.23062
787,NaN,-0.29168,NaN,NaN,NaN,-0.29167,0.23062
788,NaN,-0.30998,NaN,NaN,NaN,-0.30997,0.23062
789,NaN,-0.33383,NaN,NaN,NaN,-0.33382,0.23062
790,NaN,-0.3561,NaN,NaN,NaN,-0.3561,0.23062
791,NaN,-0.37149,NaN,NaN,NaN,-0.37149,0.23062
792,NaN,-0.37798,NaN,NaN,NaN,-0.37798,0.23062
793,NaN,-0.37696,NaN,NaN,NaN,-0.37696,0.23062
794,NaN,-0.37218,NaN,NaN,NaN,-0.37218,0.23062
795,NaN,-0.36802,NaN,NaN,NaN,-0.36802,0.23062
796,NaN,-0.36787,NaN,NaN,NaN,-0.36787,0.23062
797,NaN,-0.37318,NaN,NaN,NaN,-0.37318,0.23062
798,NaN,-0.3834,NaN,NaN,NaN,-0.3834,0.23062
799,NaN,-0.39663,NaN,NaN,NaN,-0.39662,0.23062
800,NaN,-0.4106,NaN,NaN,NaN,-0.41059,0.23062
801,NaN,-0.42352,NaN,NaN,NaN,-0.42351,0.23062
802,NaN,-0.43437,NaN,NaN,NaN,-0.43437,0.23062
803,NaN,-0.44278,NaN,NaN,NaN,-0.44278,0.23062
804,NaN,-0.44852,NaN,NaN,NaN,-0.44852,0.23062
805,NaN,-0.45119,NaN,NaN,NaN,-0.45119,0.23062
806,NaN,-0.45018,NaN,NaN,NaN,-0.45018,0.23062
807,NaN,-0.44505,NaN,NaN,NaN,-0.44505,0.23062
808,NaN,-0.43608,NaN,NaN,NaN,-0.43608,0.23062
809,NaN,-0.4247,NaN,NaN,NaN,-0.4247,0.23062
810,NaN,-0.4134,NaN,NaN,NaN,-0.4134,0.23062
811,NaN,-0.40509,NaN,NaN,NaN,-0.40509,0.23062
812,NaN,-0.40203,NaN,NaN,NaN,-0.40203,0.23062
813,NaN,-0.40477,NaN,NaN,NaN,-0.40477,0.23062
814,NaN,-0.41159,NaN,NaN,NaN,-0.41159,0.23062
815,NaN,-0.41873,NaN,NaN,NaN,-0.41873,0.23062
816,NaN,-0.42147,NaN,NaN,NaN,-0.42147,0.23062
817,NaN,-0.41578,NaN,NaN,NaN,-0.41578,0.23062
818,NaN,-0.39987,NaN,NaN,NaN,-0.39987,0.23062
819,NaN,-0.37514,NaN,NaN,NaN,-0.37514,0.23062
820,NaN,-0.3461,NaN,NaN,NaN,-0.3461,0.23062
821,NaN,-0.3192,NaN,NaN,NaN,-0.3192,0.23062
822,NaN,-0.301,NaN,NaN,NaN,-0.301,0.23062
823,NaN,-0.2962,NaN,NaN,NaN,-0.2962,0.23062
824,NaN,-0.3062,NaN,NaN,NaN,-0.3062,0.23062
825,NaN,-0.32874,NaN,NaN,NaN,-0.32874,0.23062
826,NaN,-0.35866,NaN,NaN,NaN,-0.35866,0.23062
827,NaN,-0.38955,NaN,NaN,NaN,-0.38955,0.23062
828,NaN,-0.41571,NaN,NaN,NaN,-0.41571,0.23062
829,NaN,-0.43389,NaN,NaN,NaN,-0.43389,0.23062
830,NaN,-0.44412,NaN,NaN,NaN,-0.44412,0.23062
831,NaN,-0.44952,NaN,NaN,NaN,-0.44952,0.23062
832,NaN,-0.45513,NaN,NaN,NaN,-0.45513,0.23062
833,NaN,-0.46613,NaN,NaN,NaN,-0.46613,0.23062
834,NaN,-0.48604,NaN,NaN,NaN,-0.48604,0.23062
835,NaN,-0.51545,NaN,NaN,NaN,-0.51545,0.23062
836,NaN,-0.55159,NaN,NaN,NaN,-0.55159,0.23062
837,NaN,-0.58895,NaN,NaN,NaN,-0.58895,0.23062
838,NaN,-0.62063,NaN,NaN,NaN,-0.62063,0.23062
839,NaN,-0.6402,NaN,NaN,NaN,-0.6402,0.23062
840,NaN,-0.64331,NaN,NaN,NaN,-0.64331,0.23062
841,NaN,-0.62896,NaN,NaN,NaN,-0.62896,0.23062
842,NaN,-0.59973,NaN,NaN,NaN,-0.59973,0.23062
843,NaN,-0.5612,NaN,NaN,NaN,-0.5612,0.23062
844,NaN,-0.52064,NaN,NaN,NaN,-0.52064,0.23062
845,NaN,-0.48526,NaN,NaN,NaN,-0.48526,0.23062
846,NaN,-0.4605,NaN,NaN,NaN,-0.4605,0.23062
847,NaN,-0.44874,NaN,NaN,NaN,-0.44874,0.23062
848,NaN,-0.44883,NaN,NaN,NaN,-0.44883,0.23062
849,NaN,-0.45638,NaN,NaN,NaN,-0.45638,0.23062
850,NaN,-0.46486,NaN,NaN,NaN,-0.46486,0.23062
851,NaN,-0.46735,NaN,NaN,NaN,-0.46735,0.23062
852,NaN,-0.45828,NaN,NaN,NaN,-0.45828,0.23062
853,NaN,-0.43504,NaN,NaN,NaN,-0.43504,0.23062
854,NaN,-0.39886,NaN,NaN,NaN,-0.39886,0.23062
855,NaN,-0.35476,NaN,NaN,NaN,-0.35476,0.23062
856,NaN,-0.31062,NaN,NaN,NaN,-0.31062,0.23062
857,NaN,-0.27536,NaN,NaN,NaN,-0.27536,0.23062
858,NaN,-0.25683,NaN,NaN,NaN,-0.25683,0.23062
859,NaN,-0.25981,NaN,NaN,NaN,-0.25981,0.23062
860,NaN,-0.28466,NaN,NaN,NaN,-0.28466,0.23062
861,NaN,-0.32708,NaN,NaN,NaN,-0.32708,0.23062
862,NaN,-0.37894,NaN,NaN,NaN,-0.37894,0.23062
863,NaN,-0.43015,NaN,NaN,NaN,-0.43015,0.23062
864,NaN,-0.47103,NaN,NaN,NaN,-0.47103,0.23062
865,NaN,-0.49458,NaN,NaN,NaN,-0.49458,0.23062
866,NaN,-0.49797,NaN,NaN,NaN,-0.49797,0.23062
867,NaN,-0.48301,NaN,NaN,NaN,-0.48301,0.23062
868,NaN,-0.45531,NaN,NaN,NaN,-0.45531,0.23062
869,NaN,-0.42249,NaN,NaN,NaN,-0.42249,0.23062
870,NaN,-0.39206,NaN,NaN,NaN,-0.39206,0.23062
871,NaN,-0.36941,NaN,NaN,NaN,-0.36941,0.23062
872,NaN,-0.35671,NaN,NaN,NaN,-0.35671,0.23062
873,NaN,-0.35288,NaN,NaN,NaN,-0.35288,0.23062
874,NaN,-0.35457,NaN,NaN,NaN,-0.35457,0.23062
875,NaN,-0.35775,NaN,NaN,NaN,-0.35775,0.23062
876,NaN,-0.3593,NaN,NaN,NaN,-0.3593,0.23062
877,NaN,-0.35807,NaN,NaN,NaN,-0.35807,0.23062
878,NaN,-0.35498,NaN,NaN,NaN,-0.35498,0.23062
879,NaN,-0.35238,NaN,NaN,NaN,-0.35238,0.23062
880,NaN,-0.3528,NaN,NaN,NaN,-0.3528,0.23062
881,NaN,-0.35771,NaN,NaN,NaN,-0.35771,0.23062
882,NaN,-0.36683,NaN,NaN,NaN,-0.36683,0.23062
883,NaN,-0.37812,NaN,NaN,NaN,-0.37812,0.23062
884,NaN,-0.3885,NaN,NaN,NaN,-0.3885,0.23062
885,NaN,-0.39494,NaN,NaN,NaN,-0.39494,0.23062
886,NaN,-0.39556,NaN,NaN,NaN,-0.39556,0.23062
887,NaN,-0.39024,NaN,NaN,NaN,-0.39024,0.23062
888,NaN,-0.38059,NaN,NaN,NaN,-0.38059,0.23062
889,NaN,-0.36938,NaN,NaN,NaN,-0.36938,0.23062
890,NaN,-0.35964,NaN,NaN,NaN,-0.35964,0.23062
891,NaN,-0.35383,NaN,NaN,NaN,-0.35383,0.23062
892,NaN,-0.35329,NaN,NaN,NaN,-0.35329,0.23062
893,NaN,-0.35813,NaN,NaN,NaN,-0.35813,0.23062
894,NaN,-0.36741,NaN,NaN,NaN,-0.36741,0.23062
895,NaN,-0.37959,NaN,NaN,NaN,-0.37959,0.23062
896,NaN,-0.39283,NaN,NaN,NaN,-0.39283,0.23062
897,NaN,-0.40531,NaN,NaN,NaN,-0.40531,0.23062
898,NaN,-0.41541,NaN,NaN,NaN,-0.41541,0.23062
899,NaN,-0.42189,NaN,NaN,NaN,-0.42189,0.23062
900,NaN,-0.56965,NaN,NaN,NaN,-0.56965,0.22272
901,NaN,-0.57217,NaN,NaN,NaN,-0.57217,0.22272
902,NaN,-0.57748,NaN,NaN,NaN,-0.57748,0.22272
903,NaN,-0.58707,NaN,NaN,NaN,-0.58707,0.22272
904,NaN,-0.6013,NaN,NaN,NaN,-0.6013,0.22272
905,NaN,-0.61871,NaN,NaN,NaN,-0.61871,0.22272
906,NaN,-0.63587,NaN,NaN,NaN,-0.63587,0.22272
907,NaN,-0.64773,NaN,NaN,NaN,-0.64773,0.22272
908,NaN,-0.64871,NaN,NaN,NaN,-0.64871,0.22272
909,NaN,-0.6342,NaN,NaN,NaN,-0.6342,0.22272
910,NaN,-0.60218,NaN,NaN,NaN,-0.60218,0.22272
911,NaN,-0.55431,NaN,NaN,NaN,-0.55431,0.22272
912,NaN,-0.4962,NaN,NaN,NaN,-0.4962,0.22272
913,NaN,-0.43645,NaN,NaN,NaN,-0.43645,0.22272
914,NaN,-0.38475,NaN,NaN,NaN,-0.38475,0.22272
915,NaN,-0.34949,NaN,NaN,NaN,-0.34949,0.22272
916,NaN,-0.33551,NaN,NaN,NaN,-0.33551,0.22272
917,NaN,-0.34283,NaN,NaN,NaN,-0.34283,0.22272
918,NaN,-0.3667,NaN,NaN,NaN,-0.3667,0.22272
919,NaN,-0.39906,NaN,NaN,NaN,-0.39906,0.22272
920,NaN,-0.43079,NaN,NaN,NaN,-0.43079,0.22272
921,NaN,-0.45432,NaN,NaN,NaN,-0.45432,0.22272
922,NaN,-0.46542,NaN,NaN,NaN,-0.46542,0.22272
923,NaN,-0.46395,NaN,NaN,NaN,-0.46395,0.22272
924,NaN,-0.4531,NaN,NaN,NaN,-0.4531,0.22272
925,NaN,-0.43771,NaN,NaN,NaN,-0.43771,0.22272
926,NaN,-0.42209,NaN,NaN,NaN,-0.42209,0.22272
927,NaN,-0.40838,NaN,NaN,NaN,-0.40838,0.22272
928,NaN,-0.39578,NaN,NaN,NaN,-0.39578,0.22272
929,NaN,-0.38114,NaN,NaN,NaN,-0.38114,0.22272
930,NaN,-0.36053,NaN,NaN,NaN,-0.36053,0.22272
931,NaN,-0.33129,NaN,NaN,NaN,-0.33129,0.22272
932,NaN,-0.29375,NaN,NaN,NaN,-0.29375,0.22272
933,NaN,-0.25192,NaN,NaN,NaN,-0.25192,0.22272
934,NaN,-0.21297,NaN,NaN,NaN,-0.21297,0.22272
935,NaN,-0.18542,NaN,NaN,NaN,-0.18542,0.22272
936,NaN,-0.1766,NaN,NaN,NaN,-0.1766,0.22272
937,NaN,-0.1903,NaN,NaN,NaN,-0.1903,0.22272
938,NaN,-0.22512,NaN,NaN,NaN,-0.22512,0.22272
939,NaN,-0.27435,NaN,NaN,NaN,-0.27435,0.22272
940,NaN,-0.32718,NaN,NaN,NaN,-0.32718,0.22272
941,NaN,-0.37122,NaN,NaN,NaN,-0.37122,0.22272
942,NaN,-0.39542,NaN,NaN,NaN,-0.39542,0.22272
943,NaN,-0.3927,NaN,NaN,NaN,-0.3927,0.22272
944,NaN,-0.36162,NaN,NaN,NaN,-0.36162,0.22272
945,NaN,-0.30664,NaN,NaN,NaN,-0.30664,0.22272
946,NaN,-0.23706,NaN,NaN,NaN,-0.23706,0.22272
947,NaN,-0.16491,NaN,NaN,NaN,-0.16491,0.22272
948,NaN,-0.10252,NaN,NaN,NaN,-0.10252,0.22272
949,NaN,-0.06007,NaN,NaN,NaN,-0.06007,0.22272
950,NaN,-0.043907,NaN,NaN,NaN,-0.043907,0.22272
951,NaN,-0.055609,NaN,NaN,NaN,-0.055609,0.22272
952,NaN,-0.091955,NaN,NaN,NaN,-0.091955,0.22272
953,NaN,-0.14567,NaN,NaN,NaN,-0.14567,0.22272
954,NaN,-0.20676,NaN,NaN,NaN,-0.20676,0.22272
955,NaN,-0.26421,NaN,NaN,NaN,-0.26421,0.22272
956,NaN,-0.30787,NaN,NaN,NaN,-0.30787,0.22272
957,NaN,-0.33029,NaN,NaN,NaN,-0.33029,0.22272
958,NaN,-0.32809,NaN,NaN,NaN,-0.32809,0.22272
959,NaN,-0.30274,NaN,NaN,NaN,-0.30274,0.22272
960,NaN,-0.26043,NaN,NaN,NaN,-0.26043,0.22272
961,NaN,-0.2109,NaN,NaN,NaN,-0.2109,0.22272
962,NaN,-0.16541,NaN,NaN,NaN,-0.16541,0.22272
963,NaN,-0.13434,NaN,NaN,NaN,-0.13434,0.22272
964,NaN,-0.1248,NaN,NaN,NaN,-0.1248,0.22272
965,NaN,-0.13896,NaN,NaN,NaN,-0.13896,0.22272
966,NaN,-0.17363,NaN,NaN,NaN,-0.17363,0.22272
967,NaN,-0.2211,NaN,NaN,NaN,-0.2211,0.22272
968,NaN,-0.27111,NaN,NaN,NaN,-0.27111,0.22272
969,NaN,-0.31342,NaN,NaN,NaN,-0.31342,0.22272
970,NaN,-0.34027,NaN,NaN,NaN,-0.34027,0.22272
971,NaN,-0.34794,NaN,NaN,NaN,-0.34794,0.22272
972,NaN,-0.33731,NaN,NaN,NaN,-0.33731,0.22272
973,NaN,-0.313,NaN,NaN,NaN,-0.313,0.22272
974,NaN,-0.28179,NaN,NaN,NaN,-0.28179,0.22272
975,NaN,-0.25062,NaN,NaN,NaN,-0.25062,0.22272
976,NaN,-0.22491,NaN,NaN,NaN,-0.22491,0.22272
977,NaN,-0.20751,NaN,NaN,NaN,-0.20751,0.22272
978,NaN,-0.19862,NaN,NaN,NaN,-0.19862,0.22272
979,NaN,-0.1963,NaN,NaN,NaN,-0.1963,0.22272
980,NaN,-0.19741,NaN,NaN,NaN,-0.19741,0.22272
981,NaN,-0.19856,NaN,NaN,NaN,-0.19856,0.22272
982,NaN,-0.19677,NaN,NaN,NaN,-0.19677,0.22272
983,NaN,-0.18972,NaN,NaN,NaN,-0.18972,0.22272
984,NaN,-0.17587,NaN,NaN,NaN,-0.17587,0.22272
985,NaN,-0.15444,NaN,NaN,NaN,-0.15444,0.22272
986,NaN,-0.1255,NaN,NaN,NaN,-0.1255,0.22272
987,NaN,-0.090273,NaN,NaN,NaN,-0.090273,0.22272
988,NaN,-0.051413,NaN,NaN,NaN,-0.051413,0.22272
989,NaN,-0.013083,NaN,NaN,NaN,-0.013083,0.22272
990,NaN,0.019383,NaN,NaN,NaN,0.019383,0.22272
991,NaN,0.040307,NaN,NaN,NaN,0.040307,0.22272
992,NaN,0.044847,NaN,NaN,NaN,0.044847,0.22272
993,NaN,0.030204,NaN,NaN,NaN,0.030204,0.22272
994,NaN,-0.0035056,NaN,NaN,NaN,-0.0035056,0.22272
995,NaN,-0.053024,NaN,NaN,NaN,-0.053024,0.22272
996,NaN,-0.11248,NaN,NaN,NaN,-0.11248,0.22272
997,NaN,-0.17449,NaN,NaN,NaN,-0.17449,0.22272
998,NaN,-0.23163,NaN,NaN,NaN,-0.23163,0.22272
999,NaN,-0.27772,NaN,NaN,NaN,-0.27772,0.22272
1000,-0.45604,-0.39682,NaN,NaN,NaN,-0.39682,0.2809
1001,-0.40895,-0.35867,NaN,NaN,NaN,-0.35867,0.2809
1002,-0.3773,-0.33304,NaN,NaN,NaN,-0.33304,0.2809
1003,-0.35891,-0.31814,NaN,NaN,NaN,-0.31814,0.2809
1004,-0.34768,-0.30904,NaN,NaN,NaN,-0.30904,0.2809
1005,-0.33543,-0.29912,NaN,NaN,NaN,-0.29912,0.2809
1006,-0.31497,-0.28254,NaN,NaN,NaN,-0.28254,0.2809
1007,-0.28325,-0.25684,NaN,NaN,NaN,-0.25684,0.2809
1008,-0.24342,-0.22457,NaN,NaN,NaN,-0.22457,0.2809
1009,-0.20455,-0.19308,NaN,NaN,NaN,-0.19308,0.2809
1010,-0.17914,-0.1725,NaN,NaN,NaN,-0.1725,0.2809
1011,-0.17886,-0.17227,NaN,NaN,NaN,-0.17227,0.2809
1012,-0.21005,-0.19754,NaN,NaN,NaN,-0.19754,0.2809
1013,-0.27059,-0.24659,NaN,NaN,NaN,-0.24659,0.2809
1014,-0.34938,-0.31042,NaN,NaN,NaN,-0.31042,0.2809
1015,-0.42872,-0.37469,NaN,NaN,NaN,-0.37469,0.2809
1016,-0.48914,-0.42363,NaN,NaN,NaN,-0.42363,0.2809
1017,-0.51498,-0.44457,NaN,NaN,NaN,-0.44457,0.2809
1018,-0.49921,-0.4318,NaN,NaN,NaN,-0.4318,0.2809
1019,-0.44572,-0.38846,NaN,NaN,NaN,-0.38846,0.2809
1020,-0.36845,-0.32586,NaN,NaN,NaN,-0.32586,0.2809
1021,-0.28762,-0.26038,NaN,NaN,NaN,-0.26038,0.2809
1022,-0.22419,-0.20899,NaN,NaN,NaN,-0.20899,0.2809
1023,-0.19417,-0.18467,NaN,NaN,NaN,-0.18467,0.2809
1024,-0.20463,-0.19315,NaN,NaN,NaN,-0.19315,0.2809
1025,-0.25236,-0.23182,NaN,NaN,NaN,-0.23182,0.2809
1026,-0.32546,-0.29104,NaN,NaN,NaN,-0.29104,0.2809
1027,-0.40728,-0.35732,NaN,NaN,NaN,-0.35732,0.2809
1028,-0.48127,-0.41726,NaN,NaN,NaN,-0.41726,0.2809
1029,-0.53534,-0.46107,NaN,NaN,NaN,-0.46107,0.2809
1030,-0.56428,-0.48451,NaN,NaN,NaN,-0.48451,0.2809
1031,-0.56986,-0.48903,NaN,NaN,NaN,-0.48903,0.2809
1032,-0.55873,-0.48002,NaN,NaN,NaN,-0.48002,0.2809
1033,-0.53918,-0.46418,NaN,NaN,NaN,-0.46418,0.2809
1034,-0.51795,-0.44697,NaN,NaN,NaN,-0.44697,0.2809
1035,-0.49825,-0.43102,NaN,NaN,NaN,-0.43102,0.2809
1036,-0.4797,-0.41599,NaN,NaN,NaN,-0.41599,0.2809
1037,-0.4598,-0.39987,NaN,NaN,NaN,-0.39987,0.2809
1038,-0.43633,-0.38086,NaN,NaN,NaN,-0.38086,0.2809
1039,-0.4094,-0.35904,NaN,NaN,NaN,-0.35904,0.2809
1040,-0.3823,-0.33709,NaN,NaN,NaN,-0.33709,0.2809
1041,-0.36068,-0.31957,NaN,NaN,NaN,-0.31957,0.2809
1042,-0.35043,-0.31127,NaN,NaN,NaN,-0.31127,0.2809
1043,-0.35517,-0.31511,NaN,NaN,NaN,-0.31511,0.2809
1044,-0.37449,-0.33075,NaN,NaN,NaN,-0.33075,0.2809
1045,-0.40373,-0.35444,NaN,NaN,NaN,-0.35444,0.2809
1046,-0.43561,-0.38027,NaN,NaN,NaN,-0.38027,0.2809
1047,-0.46298,-0.40245,NaN,NaN,NaN,-0.40245,0.2809
1048,-0.48171,-0.41762,NaN,NaN,NaN,-0.41762,0.2809
1049,-0.49241,-0.42629,NaN,NaN,NaN,-0.42629,0.2809
1050,-0.50031,-0.43269,NaN,NaN,NaN,-0.43269,0.2809
1051,-0.51311,-0.44306,NaN,NaN,NaN,-0.44306,0.2809
1052,-0.53774,-0.46301,NaN,NaN,NaN,-0.46301,0.2809
1053,-0.57709,-0.49489,NaN,NaN,NaN,-0.49489,0.2809
1054,-0.6282,-0.5363,NaN,NaN,NaN,-0.5363,0.2809
1055,-0.68252,-0.5803,NaN,NaN,NaN,-0.5803,0.2809
1056,-0.72832,-0.61741,NaN,NaN,NaN,-0.61741,0.2809
1057,-0.75443,-0.63855,NaN,NaN,NaN,-0.63855,0.2809
1058,-0.75386,-0.6381,NaN,NaN,NaN,-0.6381,0.2809
1059,-0.72616,-0.61565,NaN,NaN,NaN,-0.61565,0.2809
1060,-0.67745,-0.57619,NaN,NaN,NaN,-0.57619,0.2809
1061,-0.61833,-0.5283,NaN,NaN,NaN,-0.5283,0.2809
1062,-0.56033,-0.48131,NaN,NaN,NaN,-0.48131,0.2809
1063,-0.51233,-0.44242,NaN,NaN,NaN,-0.44242,0.2809
1064,-0.47808,-0.41468,NaN,NaN,NaN,-0.41468,0.2809
1065,-0.45592,-0.39673,NaN,NaN,NaN,-0.39673,0.2809
1066,-0.44045,-0.38419,NaN,NaN,NaN,-0.38419,0.2809
1067,-0.42555,-0.37212,NaN,NaN,NaN,-0.37212,0.2809
1068,-0.40745,-0.35746,NaN,NaN,NaN,-0.35746,0.2809
1069,-0.38661,-0.34057,NaN,NaN,NaN,-0.34057,0.2809
1070,-0.36766,-0.32522,NaN,NaN,NaN,-0.32522,0.2809
1071,-0.35742,-0.31693,NaN,NaN,NaN,-0.31693,0.2809
1072,-0.36184,-0.32051,NaN,NaN,NaN,-0.32051,0.2809
1073,-0.38305,-0.33769,NaN,NaN,NaN,-0.33769,0.2809
1074,-0.41786,-0.36589,NaN,NaN,NaN,-0.36589,0.2809
1075,-0.45822,-0.39859,NaN,NaN,NaN,-0.39859,0.2809
1076,-0.49372,-0.42735,NaN,NaN,NaN,-0.42735,0.2809
1077,-0.51515,-0.44471,NaN,NaN,NaN,-0.44471,0.2809
1078,-0.51779,-0.44685,NaN,NaN,NaN,-0.44685,0.2809
1079,-0.5032,-0.43502,NaN,NaN,NaN,-0.43502,0.2809
1080,-0.47878,-0.41524,NaN,NaN,NaN,-0.41524,0.2809
1081,-0.4552,-0.39614,NaN,NaN,NaN,-0.39614,0.2809
1082,-0.44258,-0.38592,NaN,NaN,NaN,-0.38592,0.2809
1083,-0.44677,-0.38932,NaN,NaN,NaN,-0.38932,0.2809
1084,-0.46722,-0.40588,NaN,NaN,NaN,-0.40588,0.2809
1085,-0.49708,-0.43007,NaN,NaN,NaN,-0.43007,0.2809
1086,-0.52565,-0.45322,NaN,NaN,NaN,-0.45322,0.2809
1087,-0.54222,-0.46664,NaN,NaN,NaN,-0.46664,0.2809
1088,-0.53984,-0.46471,NaN,NaN,NaN,-0.46471,0.2809
1089,-0.51776,-0.44682,NaN,NaN,NaN,-0.44682,0.2809
1090,-0.48145,-0.41741,NaN,NaN,NaN,-0.41741,0.2809
1091,-0.44037,-0.38413,NaN,NaN,NaN,-0.38413,0.2809
1092,-0.40433,-0.35493,NaN,NaN,NaN,-0.35493,0.2809
1093,-0.37979,-0.33505,NaN,NaN,NaN,-0.33505,0.2809
1094,-0.3676,-0.32518,NaN,NaN,NaN,-0.32518,0.2809
1095,-0.36297,-0.32143,NaN,NaN,NaN,-0.32143,0.2809
1096,-0.35769,-0.31715,NaN,NaN,NaN,-0.31715,0.2809
1097,-0.34361,-0.30574,NaN,NaN,NaN,-0.30574,0.2809
1098,-0.31615,-0.28349,NaN,NaN,NaN,-0.28349,0.2809
1099,-0.2763,-0.25121,NaN,NaN,NaN,-0.25121,0.2809
1100,-0.11447,-0.2142,NaN,NaN,NaN,-0.12011,0.28074
1101,-0.11986,-0.18044,NaN,NaN,NaN,-0.12447,0.28074
1102,-0.1428,-0.15787,NaN,NaN,NaN,-0.14306,0.28074
1103,-0.17555,-0.1516,NaN,NaN,NaN,-0.16959,0.28074
1104,-0.21015,-0.16216,NaN,NaN,NaN,-0.19762,0.28074
1105,-0.2398,-0.18531,NaN,NaN,NaN,-0.22164,0.28074
1106,-0.25982,-0.21339,NaN,NaN,NaN,-0.23786,0.28074
1107,-0.268,-0.23774,NaN,NaN,NaN,-0.24448,0.28074
1108,-0.26455,-0.25126,NaN,NaN,NaN,-0.24169,0.28074
1109,-0.25164,-0.25045,NaN,NaN,NaN,-0.23123,0.28074
1110,-0.23274,-0.23614,NaN,NaN,NaN,-0.21592,0.28074
1111,-0.21199,-0.21304,NaN,NaN,NaN,-0.19911,0.28074
1112,-0.19355,-0.18809,NaN,NaN,NaN,-0.18417,0.28074
1113,-0.1809,-0.16827,NaN,NaN,NaN,-0.17392,0.28074
1114,-0.17613,-0.15854,NaN,NaN,NaN,-0.17006,0.28074
1115,-0.17938,-0.16039,NaN,NaN,NaN,-0.1727,0.28074
1116,-0.1884,-0.17136,NaN,NaN,NaN,-0.18,0.28074
1117,-0.1987,-0.18575,NaN,NaN,NaN,-0.18835,0.28074
1118,-0.20439,-0.19625,NaN,NaN,NaN,-0.19295,0.28074
1119,-0.1996,-0.19607,NaN,NaN,NaN,-0.18907,0.28074
1120,-0.18033,-0.18106,NaN,NaN,NaN,-0.17346,0.28074
1121,-0.1461,-0.15114,NaN,NaN,NaN,-0.14573,0.28074
1122,-0.10087,-0.11078,NaN,NaN,NaN,-0.10909,0.28074
1123,-0.052762,-0.068114,NaN,NaN,NaN,-0.070117,0.28074
1124,-0.012466,-0.0331,NaN,NaN,NaN,-0.037472,0.28074
1125,0.009303,-0.015024,NaN,NaN,NaN,-0.019836,0.28074
1126,0.0046297,-0.020126,NaN,NaN,NaN,-0.023622,0.28074
1127,-0.029306,-0.049934,NaN,NaN,NaN,-0.051114,0.28074
1128,-0.089163,-0.10076,NaN,NaN,NaN,-0.099606,0.28074
1129,-0.16593,-0.16448,NaN,NaN,NaN,-0.1618,0.28074
1130,-0.24685,-0.23036,NaN,NaN,NaN,-0.22735,0.28074
1131,-0.31824,-0.2874,NaN,NaN,NaN,-0.28518,0.28074
1132,-0.36851,-0.32668,NaN,NaN,NaN,-0.32591,0.28074
1133,-0.39063,-0.34311,NaN,NaN,NaN,-0.34383,0.28074
1134,-0.38349,-0.33633,NaN,NaN,NaN,-0.33805,0.28074
1135,-0.35202,-0.31059,NaN,NaN,NaN,-0.31255,0.28074
1136,-0.30603,-0.27381,NaN,NaN,NaN,-0.2753,0.28074
1137,-0.25815,-0.23593,NaN,NaN,NaN,-0.23651,0.28074
1138,-0.22124,-0.20698,NaN,NaN,NaN,-0.2066,0.28074
1139,-0.2057,-0.19505,NaN,NaN,NaN,-0.19401,0.28074
1140,-0.21729,-0.20463,NaN,NaN,NaN,-0.2034,0.28074
1141,-0.25567,-0.23546,NaN,NaN,NaN,-0.2345,0.28074
1142,-0.31416,-0.28229,NaN,NaN,NaN,-0.28188,0.28074
1143,-0.38075,-0.33563,NaN,NaN,NaN,-0.33583,0.28074
1144,-0.44036,-0.3835,NaN,NaN,NaN,-0.38412,0.28074
1145,-0.47803,-0.41388,NaN,NaN,NaN,-0.41464,0.28074
1146,-0.48228,-0.41747,NaN,NaN,NaN,-0.41808,0.28074
1147,-0.448,-0.39004,NaN,NaN,NaN,-0.39031,0.28074
1148,-0.37809,-0.33379,NaN,NaN,NaN,-0.33368,0.28074
1149,-0.28329,-0.25727,NaN,NaN,NaN,-0.25687,0.28074
1150,-0.18007,-0.17376,NaN,NaN,NaN,-0.17325,0.28074
1151,-0.087159,-0.098424,NaN,NaN,NaN,-0.097982,0.28074
1152,-0.021324,-0.044902,NaN,NaN,NaN,-0.044648,0.28074
1153,0.0064284,-0.0222,NaN,NaN,NaN,-0.022165,0.28074
1154,-0.0067568,-0.032715,NaN,NaN,NaN,-0.032847,0.28074
1155,-0.055205,-0.071901,NaN,NaN,NaN,-0.072096,0.28074
1156,-0.12643,-0.12964,NaN,NaN,NaN,-0.12979,0.28074
1157,-0.20441,-0.19293,NaN,NaN,NaN,-0.19297,0.28074
1158,-0.27351,-0.24905,NaN,NaN,NaN,-0.24895,0.28074
1159,-0.32193,-0.28837,NaN,NaN,NaN,-0.28817,0.28074
1160,-0.34372,-0.30607,NaN,NaN,NaN,-0.30583,0.28074
1161,-0.33921,-0.30237,NaN,NaN,NaN,-0.30218,0.28074
1162,-0.31365,-0.28158,NaN,NaN,NaN,-0.28147,0.28074
1163,-0.27506,-0.25022,NaN,NaN,NaN,-0.2502,0.28074
1164,-0.23193,-0.21521,NaN,NaN,NaN,-0.21526,0.28074
1165,-0.19155,-0.18246,NaN,NaN,NaN,-0.18255,0.28074
1166,-0.15931,-0.15636,NaN,NaN,NaN,-0.15644,0.28074
1167,-0.13886,-0.13984,NaN,NaN,NaN,-0.13986,0.28074
1168,-0.13256,-0.1348,NaN,NaN,NaN,-0.13477,0.28074
1169,-0.14193,-0.14243,NaN,NaN,NaN,-0.14235,0.28074
1170,-0.16738,-0.16307,NaN,NaN,NaN,-0.16297,0.28074
1171,-0.20768,-0.19572,NaN,NaN,NaN,-0.19562,0.28074
1172,-0.25928,-0.2375,NaN,NaN,NaN,-0.23742,0.28074
1173,-0.31623,-0.2836,NaN,NaN,NaN,-0.28356,0.28074
1174,-0.37101,-0.32795,NaN,NaN,NaN,-0.32794,0.28074
1175,-0.41635,-0.36466,NaN,NaN,NaN,-0.36467,0.28074
1176,-0.44741,-0.38981,NaN,NaN,NaN,-0.38983,0.28074
1177,-0.4635,-0.40284,NaN,NaN,NaN,-0.40287,0.28074
1178,-0.46855,-0.40694,NaN,NaN,NaN,-0.40696,0.28074
1179,-0.46983,-0.40798,NaN,NaN,NaN,-0.408,0.28074
1180,-0.47527,-0.41239,NaN,NaN,NaN,-0.4124,0.28074
1181,-0.49023,-0.42449,NaN,NaN,NaN,-0.42452,0.28074
1182,-0.51506,-0.44459,NaN,NaN,NaN,-0.44463,0.28074
1183,-0.54448,-0.46842,NaN,NaN,NaN,-0.46847,0.28074
1184,-0.56931,-0.48853,NaN,NaN,NaN,-0.48859,0.28074
1185,-0.57995,-0.49715,NaN,NaN,NaN,-0.4972,0.28074
1186,-0.57049,-0.4895,NaN,NaN,NaN,-0.48954,0.28074
1187,-0.54188,-0.46634,NaN,NaN,NaN,-0.46637,0.28074
1188,-0.50276,-0.43466,NaN,NaN,NaN,-0.43467,0.28074
1189,-0.46741,-0.40603,NaN,NaN,NaN,-0.40603,0.28074
1190,-0.45148,-0.39313,NaN,NaN,NaN,-0.39313,0.28074
1191,-0.46668,-0.40544,NaN,NaN,NaN,-0.40544,0.28074
1192,-0.51647,-0.44577,NaN,NaN,NaN,-0.44578,0.28074
1193,-0.59412,-0.50866,NaN,NaN,NaN,-0.50869,0.28074
1194,-0.68411,-0.58155,NaN,NaN,NaN,-0.58159,0.28074
1195,-0.76635,-0.64817,NaN,NaN,NaN,-0.64821,0.28074
1196,-0.82206,-0.6933,NaN,NaN,NaN,-0.69335,0.28074
1197,-0.83929,-0.70726,NaN,NaN,NaN,-0.7073,0.28074
1198,-0.81632,-0.68866,NaN,NaN,NaN,-0.6887,0.28074
1199,-0.76195,-0.64461,NaN,NaN,NaN,-0.64464,0.28074
1200,-0.69244,-0.5883,NaN,NaN,NaN,-0.58834,0.28074
1201,-0.62642,-0.53481,NaN,NaN,NaN,-0.53485,0.28074
1202,-0.57916,-0.49652,NaN,NaN,NaN,-0.49656,0.28074
1203,-0.55832,-0.47963,NaN,NaN,NaN,-0.47968,0.28074
1204,-0.56233,-0.48286,NaN,NaN,NaN,-0.48293,0.28074
1205,-0.58177,-0.49861,NaN,NaN,NaN,-0.49868,0.28074
1206,-0.60328,-0.51604,NaN,NaN,NaN,-0.51611,0.28074
1207,-0.61431,-0.52499,NaN,NaN,NaN,-0.52504,0.28074
1208,-0.60725,-0.51928,NaN,NaN,NaN,-0.51932,0.28074
1209,-0.5815,-0.49844,NaN,NaN,NaN,-0.49846,0.28074
1210,-0.54291,-0.4672,NaN,NaN,NaN,-0.4672,0.28074
1211,-0.501,-0.43326,NaN,NaN,NaN,-0.43324,0.28074
1212,-0.46515,-0.40423,NaN,NaN,NaN,-0.4042,0.28074
1213,-0.44124,-0.38486,NaN,NaN,NaN,-0.38483,0.28074
1214,-0.42984,-0.37562,NaN,NaN,NaN,-0.3756,0.28074
1215,-0.42668,-0.37305,NaN,NaN,NaN,-0.37304,0.28074
1216,-0.42486,-0.37157,NaN,NaN,NaN,-0.37156,0.28074
1217,-0.41789,-0.36592,NaN,NaN,NaN,-0.36592,0.28074
1218,-0.40225,-0.35326,NaN,NaN,NaN,-0.35325,0.28074
1219,-0.3784,-0.33395,NaN,NaN,NaN,-0.33392,0.28074
1220,-0.35002,-0.31097,NaN,NaN,NaN,-0.31094,0.28074
1221,-0.32196,-0.28825,NaN,NaN,NaN,-0.2882,0.28074
1222,-0.29778,-0.26868,NaN,NaN,NaN,-0.26862,0.28074
1223,-0.27827,-0.25289,NaN,NaN,NaN,-0.25281,0.28074
1224,-0.26135,-0.23917,NaN,NaN,NaN,-0.2391,0.28074
1225,-0.24357,-0.22476,NaN,NaN,NaN,-0.22469,0.28074
1226,-0.22239,-0.20759,NaN,NaN,NaN,-0.20754,0.28074
1227,-0.19818,-0.18796,NaN,NaN,NaN,-0.18792,0.28074
1228,-0.17487,-0.16907,NaN,NaN,NaN,-0.16904,0.28074
1229,-0.15903,-0.15623,NaN,NaN,NaN,-0.1562,0.28074
1230,-0.15741,-0.15492,NaN,NaN,NaN,-0.1549,0.28074
1231,-0.17424,-0.16856,NaN,NaN,NaN,-0.16853,0.28074
1232,-0.20903,-0.19675,NaN,NaN,NaN,-0.19672,0.28074
1233,-0.25609,-0.23488,NaN,NaN,NaN,-0.23484,0.28074
1234,-0.30575,-0.27511,NaN,NaN,NaN,-0.27507,0.28074
1235,-0.34699,-0.30852,NaN,NaN,NaN,-0.30848,0.28074
1236,-0.37049,-0.32755,NaN,NaN,NaN,-0.32752,0.28074
1237,-0.37099,-0.32795,NaN,NaN,NaN,-0.32792,0.28074
1238,-0.34832,-0.30957,NaN,NaN,NaN,-0.30955,0.28074
1239,-0.30686,-0.27599,NaN,NaN,NaN,-0.27597,0.28074
1240,-0.25387,-0.23307,NaN,NaN,NaN,-0.23304,0.28074
1241,-0.19732,-0.18727,NaN,NaN,NaN,-0.18722,0.28074
1242,-0.14402,-0.14412,NaN,NaN,NaN,-0.14405,0.28074
1243,-0.09862,-0.10736,NaN,NaN,NaN,-0.10727,0.28074
1244,-0.063338,-0.078791,NaN,NaN,NaN,-0.078684,0.28074
1245,-0.03842,-0.058615,NaN,NaN,NaN,-0.058498,0.28074
1246,-0.022787,-0.045951,NaN,NaN,NaN,-0.045833,0.28074
1247,-0.014611,-0.039319,NaN,NaN,NaN,-0.039209,0.28074
1248,-0.011703,-0.036948,NaN,NaN,NaN,-0.036854,0.28074
1249,-0.01179,-0.037001,NaN,NaN,NaN,-0.036925,0.28074
1250,-0.01285,-0.037842,NaN,NaN,NaN,-0.037783,0.28074
1251,-0.013582,-0.038421,NaN,NaN,NaN,-0.038376,0.28074
1252,-0.013931,-0.038696,NaN,NaN,NaN,-0.038659,0.28074
1253,-0.015407,-0.039888,NaN,NaN,NaN,-0.039854,0.28074
1254,-0.020912,-0.044347,NaN,NaN,NaN,-0.044314,0.28074
1255,-0.033949,-0.054909,NaN,NaN,NaN,-0.054876,0.28074
1256,-0.057346,-0.07386,NaN,NaN,NaN,-0.073831,0.28074
1257,-0.091917,-0.10186,NaN,NaN,NaN,-0.10184,0.28074
1258,-0.13562,-0.13725,NaN,NaN,NaN,-0.13724,0.28074
1259,-0.18368,-0.17617,NaN,NaN,NaN,-0.17618,0.28074
1260,-0.22976,-0.21349,NaN,NaN,NaN,-0.21351,0.28074
1261,-0.2679,-0.24438,NaN,NaN,NaN,-0.2444,0.28074
1262,-0.29447,-0.26589,NaN,NaN,NaN,-0.26593,0.28074
1263,-0.3094,-0.27799,NaN,NaN,NaN,-0.27803,0.28074
1264,-0.31609,-0.28341,NaN,NaN,NaN,-0.28344,0.28074
1265,-0.31986,-0.28646,NaN,NaN,NaN,-0.2865,0.28074
1266,-0.32562,-0.29113,NaN,NaN,NaN,-0.29116,0.28074
1267,-0.33553,-0.29916,NaN,NaN,NaN,-0.2992,0.28074
1268,-0.34775,-0.30906,NaN,NaN,NaN,-0.30909,0.28074
1269,-0.3568,-0.31639,NaN,NaN,NaN,-0.31643,0.28074
1270,-0.35568,-0.31548,NaN,NaN,NaN,-0.31552,0.28074
1271,-0.33882,-0.30182,NaN,NaN,NaN,-0.30186,0.28074
1272,-0.30494,-0.27439,NaN,NaN,NaN,-0.27441,0.28074
1273,-0.25854,-0.23681,NaN,NaN,NaN,-0.23682,0.28074
1274,-0.20937,-0.19699,NaN,NaN,NaN,-0.19699,0.28074
1275,-0.16989,-0.16502,NaN,NaN,NaN,-0.165,0.28074
1276,-0.15157,-0.15018,NaN,NaN,NaN,-0.15016,0.28074
1277,-0.16123,-0.15801,NaN,NaN,NaN,-0.15799,0.28074
1278,-0.19866,-0.18832,NaN,NaN,NaN,-0.18832,0.28074
1279,-0.25641,-0.23508,NaN,NaN,NaN,-0.2351,0.28074
1280,-0.32174,-0.28798,NaN,NaN,NaN,-0.28802,0.28074
1281,-0.38018,-0.3353,NaN,NaN,NaN,-0.33537,0.28074
1282,-0.41942,-0.36708,NaN,NaN,NaN,-0.36716,0.28074
1283,-0.43239,-0.37758,NaN,NaN,NaN,-0.37766,0.28074
1284,-0.41859,-0.36642,NaN,NaN,NaN,-0.36648,0.28074
1285,-0.38351,-0.33802,NaN,NaN,NaN,-0.33806,0.28074
1286,-0.33639,-0.29988,NaN,NaN,NaN,-0.29989,0.28074
1287,-0.28741,-0.26021,NaN,NaN,NaN,-0.26021,0.28074
1288,-0.24501,-0.22588,NaN,NaN,NaN,-0.22586,0.28074
1289,-0.21446,-0.20114,NaN,NaN,NaN,-0.20111,0.28074
1290,-0.19753,-0.18742,NaN,NaN,NaN,-0.1874,0.28074
1291,-0.19328,-0.18397,NaN,NaN,NaN,-0.18395,0.28074
1292,-0.19927,-0.1888,NaN,NaN,NaN,-0.18881,0.28074
1293,-0.21246,-0.19947,NaN,NaN,NaN,-0.19949,0.28074
1294,-0.22954,-0.2133,NaN,NaN,NaN,-0.21333,0.28074
1295,-0.24668,-0.22718,NaN,NaN,NaN,-0.22721,0.28074
1296,-0.25908,-0.23723,NaN,NaN,NaN,-0.23726,0.28074
1297,-0.26103,-0.23882,NaN,NaN,NaN,-0.23884,0.28074
1298,-0.24672,-0.22724,NaN,NaN,NaN,-0.22725,0.28074
1299,-0.21204,-0.19915,NaN,NaN,NaN,-0.19915,0.28074
1300,-0.15648,-0.15416,NaN,NaN,NaN,-0.15414,0.28074
1301,-0.084609,-0.095931,NaN,NaN,NaN,-0.095917,0.28074
1302,-0.0059919,-0.032238,NaN,NaN,NaN,-0.032227,0.28074
1303,0.066626,0.0266,NaN,NaN,NaN,0.026603,0.28074
1304,0.12071,0.070424,NaN,NaN,NaN,0.070416,0.28074
1305,0.14781,0.092389,NaN,NaN,NaN,0.092368,0.28074
1306,0.14656,0.091391,NaN,NaN,NaN,0.091358,0.28074
1307,0.12359,0.072792,NaN,NaN,NaN,0.07275,0.28074
1308,0.091702,0.046966,NaN,NaN,NaN,0.046917,0.28074
1309,0.065816,0.025997,NaN,NaN,NaN,0.025947,0.28074
1310,0.057902,0.019581,NaN,NaN,NaN,0.019535,0.28074
1311,0.072718,0.031577,NaN,NaN,NaN,0.031538,0.28074
1312,0.10593,0.05847,NaN,NaN,NaN,0.058441,0.28074
1313,0.14537,0.090408,NaN,NaN,NaN,0.090391,0.28074
1314,0.17512,0.1145,NaN,NaN,NaN,0.1145,0.28074
1315,0.18102,0.11927,NaN,NaN,NaN,0.11927,0.28074
1316,0.15551,0.098605,NaN,NaN,NaN,0.098607,0.28074
1317,0.10028,0.053869,NaN,NaN,NaN,0.053869,0.28074
1318,0.025595,-0.0066303,NaN,NaN,NaN,-0.006638,0.28074
1319,-0.053357,-0.070581,NaN,NaN,NaN,-0.070599,0.28074
1320,-0.1216,-0.12586,NaN,NaN,NaN,-0.12589,0.28074
1321,-0.16918,-0.16439,NaN,NaN,NaN,-0.16443,0.28074
1322,-0.19376,-0.18429,NaN,NaN,NaN,-0.18434,0.28074
1323,-0.20026,-0.18955,NaN,NaN,NaN,-0.18961,0.28074
1324,-0.19765,-0.18743,NaN,NaN,NaN,-0.1875,0.28074
1325,-0.19448,-0.18486,NaN,NaN,NaN,-0.18493,0.28074
1326,-0.19485,-0.18516,NaN,NaN,NaN,-0.18523,0.28074
1327,-0.19662,-0.1866,NaN,NaN,NaN,-0.18666,0.28074
1328,-0.19246,-0.18323,NaN,NaN,NaN,-0.18329,0.28074
1329,-0.17345,-0.16784,NaN,NaN,NaN,-0.16789,0.28074
1330,-0.1337,-0.13564,NaN,NaN,NaN,-0.13569,0.28074
1331,-0.074049,-0.08733,NaN,NaN,NaN,-0.087362,0.28074
1332,-0.0033274,-0.030046,NaN,NaN,NaN,-0.030069,0.28074
1333,0.06359,0.024156,NaN,NaN,NaN,0.024143,0.28074
1334,0.11028,0.061977,NaN,NaN,NaN,0.061971,0.28074
1335,0.12427,0.073303,NaN,NaN,NaN,0.073304,0.28074
1336,0.10139,0.054757,NaN,NaN,NaN,0.054762,0.28074
1337,0.047325,0.010957,NaN,NaN,NaN,0.010966,0.28074
1338,-0.024257,-0.047039,NaN,NaN,NaN,-0.047025,0.28074
1339,-0.096517,-0.10559,NaN,NaN,NaN,-0.10556,0.28074
1340,-0.15526,-0.15318,NaN,NaN,NaN,-0.15315,0.28074
1341,-0.19365,-0.1843,NaN,NaN,NaN,-0.18426,0.28074
1342,-0.21406,-0.20084,NaN,NaN,NaN,-0.20079,0.28074
1343,-0.22625,-0.21072,NaN,NaN,NaN,-0.21066,0.28074
1344,-0.24278,-0.22412,NaN,NaN,NaN,-0.22405,0.28074
1345,-0.27329,-0.24883,NaN,NaN,NaN,-0.24877,0.28074
1346,-0.31997,-0.28664,NaN,NaN,NaN,-0.28659,0.28074
1347,-0.376,-0.33202,NaN,NaN,NaN,-0.33198,0.28074
1348,-0.42754,-0.37375,NaN,NaN,NaN,-0.37373,0.28074
1349,-0.45855,-0.39886,NaN,NaN,NaN,-0.39886,0.28074
1350,-0.45668,-0.39733,NaN,NaN,NaN,-0.39734,0.28074
1351,-0.41791,-0.36591,NaN,NaN,NaN,-0.36593,0.28074
1352,-0.34834,-0.30955,NaN,NaN,NaN,-0.30957,0.28074
1353,-0.26253,-0.24003,NaN,NaN,NaN,-0.24005,0.28074
1354,-0.17887,-0.17227,NaN,NaN,NaN,-0.17228,0.28074
1355,-0.11398,-0.11971,NaN,NaN,NaN,-0.11971,0.28074
1356,-0.077857,-0.090453,NaN,NaN,NaN,-0.090447,0.28074
1357,-0.071617,-0.085404,NaN,NaN,NaN,-0.085392,0.28074
1358,-0.088324,-0.098941,NaN,NaN,NaN,-0.098926,0.28074
1359,-0.1164,-0.12169,NaN,NaN,NaN,-0.12168,0.28074
1360,-0.14419,-0.14419,NaN,NaN,NaN,-0.14419,0.28074
1361,-0.16384,-0.16011,NaN,NaN,NaN,-0.16011,0.28074
1362,-0.17328,-0.16774,NaN,NaN,NaN,-0.16775,0.28074
1363,-0.17563,-0.16963,NaN,NaN,NaN,-0.16965,0.28074
1364,-0.17658,-0.17038,NaN,NaN,NaN,-0.17042,0.28074
1365,-0.18105,-0.17398,NaN,NaN,NaN,-0.17405,0.28074
1366,-0.19046,-0.18159,NaN,NaN,NaN,-0.18167,0.28074
1367,-0.20184,-0.19079,NaN,NaN,NaN,-0.19089,0.28074
1368,-0.20897,-0.19656,NaN,NaN,NaN,-0.19666,0.28074
1369,-0.20519,-0.1935,NaN,NaN,NaN,-0.19361,0.28074
1370,-0.18659,-0.17844,NaN,NaN,NaN,-0.17853,0.28074
1371,-0.15421,-0.15224,NaN,NaN,NaN,-0.15231,0.28074
1372,-0.1146,-0.12017,NaN,NaN,NaN,-0.12021,0.28074
1373,-0.078081,-0.090608,NaN,NaN,NaN,-0.090629,0.28074
1374,-0.055761,-0.072541,NaN,NaN,NaN,-0.072546,0.28074
1375,-0.05598,-0.072722,NaN,NaN,NaN,-0.072724,0.28074
1376,-0.081735,-0.093581,NaN,NaN,NaN,-0.093589,0.28074
1377,-0.12983,-0.13253,NaN,NaN,NaN,-0.13255,0.28074
1378,-0.19205,-0.18291,NaN,NaN,NaN,-0.18296,0.28074
1379,-0.25785,-0.2362,NaN,NaN,NaN,-0.23626,0.28074
1380,-0.3176,-0.28459,NaN,NaN,NaN,-0.28467,0.28074
1381,-0.36522,-0.32316,NaN,NaN,NaN,-0.32325,0.28074
1382,-0.39937,-0.35083,NaN,NaN,NaN,-0.35092,0.28074
1383,-0.42282,-0.36982,NaN,NaN,NaN,-0.36991,0.28074
1384,-0.44045,-0.3841,NaN,NaN,NaN,-0.38419,0.28074
1385,-0.45662,-0.3972,NaN,NaN,NaN,-0.39729,0.28074
1386,-0.47295,-0.41042,NaN,NaN,NaN,-0.41052,0.28074
1387,-0.48734,-0.42207,NaN,NaN,NaN,-0.42218,0.28074
1388,-0.49452,-0.42788,NaN,NaN,NaN,-0.428,0.28074
1389,-0.48803,-0.42263,NaN,NaN,NaN,-0.42274,0.28074
1390,-0.46277,-0.40219,NaN,NaN,NaN,-0.40228,0.28074
1391,-0.41735,-0.36542,NaN,NaN,NaN,-0.36548,0.28074
1392,-0.35532,-0.3152,NaN,NaN,NaN,-0.31522,0.28074
1393,-0.28484,-0.25815,NaN,NaN,NaN,-0.25813,0.28074
1394,-0.21695,-0.20319,NaN,NaN,NaN,-0.20313,0.28074
1395,-0.16283,-0.15937,NaN,NaN,NaN,-0.15928,0.28074
1396,-0.13094,-0.13356,NaN,NaN,NaN,-0.13345,0.28074
1397,-0.12495,-0.12871,NaN,NaN,NaN,-0.1286,0.28074
1398,-0.14285,-0.14319,NaN,NaN,NaN,-0.1431,0.28074
1399,-0.17767,-0.17137,NaN,NaN,NaN,-0.17131,0.28074
1400,-0.25528,-0.23418,NaN,NaN,-0.25528,-0.23418,0.27884
1401,-0.23644,-0.21892,NaN,NaN,-0.23644,-0.21892,0.27884
1402,-0.2345,-0.21735,NaN,NaN,-0.2345,-0.21735,0.27884
1403,-0.24917,-0.22923,NaN,NaN,-0.24917,-0.22923,0.27884
1404,-0.27699,-0.25177,NaN,NaN,-0.27699,-0.25177,0.27884
1405,-0.31189,-0.28004,NaN,NaN,-0.31189,-0.28004,0.27884
1406,-0.34656,-0.30813,NaN,NaN,-0.34656,-0.30813,0.27884
1407,-0.37429,-0.3306,NaN,NaN,-0.37429,-0.3306,0.27884
1408,-0.39059,-0.3438,NaN,NaN,-0.39059,-0.3438,0.27884
1409,-0.39419,-0.34671,NaN,NaN,-0.39419,-0.34671,0.27884
1410,-0.38706,-0.34094,NaN,NaN,-0.38706,-0.34094,0.27884
1411,-0.37365,-0.33007,NaN,NaN,-0.37365,-0.33007,0.27884
1412,-0.35949,-0.3186,NaN,NaN,-0.35949,-0.3186,0.27884
1413,-0.34986,-0.3108,NaN,NaN,-0.34986,-0.3108,0.27884
1414,-0.34868,-0.30985,NaN,NaN,-0.34868,-0.30985,0.27884
1415,-0.35783,-0.31726,NaN,NaN,-0.35783,-0.31726,0.27884
1416,-0.377,-0.33279,NaN,NaN,-0.377,-0.33279,0.27884
1417,-0.40379,-0.35449,NaN,NaN,-0.40379,-0.35449,0.27884
1418,-0.43398,-0.37895,NaN,NaN,-0.43398,-0.37895,0.27884
1419,-0.46205,-0.40169,NaN,NaN,-0.46205,-0.40169,0.27884
1420,-0.48178,-0.41767,NaN,NaN,-0.48178,-0.41767,0.27884
1421,-0.48728,-0.42213,NaN,NaN,-0.48728,-0.42213,0.27884
1422,-0.47426,-0.41158,NaN,NaN,-0.47426,-0.41158,0.27884
1423,-0.44131,-0.38489,NaN,NaN,-0.44131,-0.38489,0.27884
1424,-0.39094,-0.34409,NaN,NaN,-0.39094,-0.34409,0.27884
1425,-0.32981,-0.29456,NaN,NaN,-0.32981,-0.29456,0.27884
1426,-0.2679,-0.24441,NaN,NaN,-0.2679,-0.24441,0.27884
1427,-0.21658,-0.20283,NaN,NaN,-0.21658,-0.20283,0.27884
1428,-0.18597,-0.17803,NaN,NaN,-0.18597,-0.17803,0.27884
1429,-0.18221,-0.17499,NaN,NaN,-0.18221,-0.17499,0.27884
1430,-0.20555,-0.19389,NaN,NaN,-0.20555,-0.19389,0.27884
1431,-0.24982,-0.22976,NaN,NaN,-0.24982,-0.22976,0.27884
1432,-0.30366,-0.27338,NaN,NaN,-0.30366,-0.27338,0.27884
1433,-0.35333,-0.31362,NaN,NaN,-0.35333,-0.31362,0.27884
1434,-0.38625,-0.34028,NaN,NaN,-0.38625,-0.34028,0.27884
1435,-0.39443,-0.34691,NaN,NaN,-0.39443,-0.34691,0.27884
1436,-0.37664,-0.3325,NaN,NaN,-0.37664,-0.3325,0.27884
1437,-0.33867,-0.30174,NaN,NaN,-0.33867,-0.30174,0.27884
1438,-0.2914,-0.26344,NaN,NaN,-0.2914,-0.26344,0.27884
1439,-0.24739,-0.22779,NaN,NaN,-0.24739,-0.22779,0.27884
1440,-0.21686,-0.20306,NaN,NaN,-0.21686,-0.20306,0.27884
1441,-0.20447,-0.19302,NaN,NaN,-0.20447,-0.19302,0.27884
1442,-0.20801,-0.19589,NaN,NaN,-0.20801,-0.19589,0.27884
1443,-0.21944,-0.20515,NaN,NaN,-0.21944,-0.20515,0.27884
1444,-0.22817,-0.21222,NaN,NaN,-0.22817,-0.21222,0.27884
1445,-0.22537,-0.20995,NaN,NaN,-0.22537,-0.20995,0.27884
1446,-0.20796,-0.19584,NaN,NaN,-0.20796,-0.19584,0.27884
1447,-0.18066,-0.17373,NaN,NaN,-0.18066,-0.17373,0.27884
1448,-0.15546,-0.15332,NaN,NaN,-0.15546,-0.15332,0.27884
1449,-0.1483,-0.14752,NaN,NaN,-0.1483,-0.14752,0.27884
1450,-0.17409,-0.16841,NaN,NaN,-0.17409,-0.16841,0.27884
1451,-0.24168,-0.22316,NaN,NaN,-0.24168,-0.22316,0.27884
1452,-0.35031,-0.31117,NaN,NaN,-0.35031,-0.31117,0.27884
1453,-0.4889,-0.42344,NaN,NaN,-0.4889,-0.42344,0.27884
1454,-0.63828,-0.54446,NaN,NaN,-0.63828,-0.54446,0.27884
1455,-0.77579,-0.65586,NaN,NaN,-0.77579,-0.65586,0.27884
1456,-0.88068,-0.74083,NaN,NaN,-0.88068,-0.74083,0.27884
1457,-0.93878,-0.7879,NaN,NaN,-0.93878,-0.7879,0.27884
1458,-0.9452,-0.7931,NaN,NaN,-0.9452,-0.7931,0.27884
1459,-0.90445,-0.76009,NaN,NaN,-0.90445,-0.76009,0.27884
1460,-0.8284,-0.69848,NaN,NaN,-0.8284,-0.69848,0.27884
1461,-0.73288,-0.6211,NaN,NaN,-0.73288,-0.6211,0.27884
1462,-0.63419,-0.54115,NaN,NaN,-0.63419,-0.54115,0.27884
1463,-0.54636,-0.46999,NaN,NaN,-0.54636,-0.46999,0.27884
1464,-0.47952,-0.41585,NaN,NaN,-0.47952,-0.41585,0.27884
1465,-0.43943,-0.38337,NaN,NaN,-0.43943,-0.38337,0.27884
1466,-0.42764,-0.37382,NaN,NaN,-0.42764,-0.37382,0.27884
1467,-0.44183,-0.38531,NaN,NaN,-0.44183,-0.38531,0.27884
1468,-0.47617,-0.41313,NaN,NaN,-0.47617,-0.41313,0.27884
1469,-0.52175,-0.45006,NaN,NaN,-0.52175,-0.45006,0.27884
1470,-0.56739,-0.48703,NaN,NaN,-0.56739,-0.48703,0.27884
1471,-0.60121,-0.51442,NaN,NaN,-0.60121,-0.51442,0.27884
1472,-0.61286,-0.52387,NaN,NaN,-0.61286,-0.52387,0.27884
1473,-0.59622,-0.51038,NaN,NaN,-0.59622,-0.51038,0.27884
1474,-0.55149,-0.47415,NaN,NaN,-0.55149,-0.47415,0.27884
1475,-0.48609,-0.42117,NaN,NaN,-0.48609,-0.42117,0.27884
1476,-0.41355,-0.3624,NaN,NaN,-0.41355,-0.3624,0.27884
1477,-0.35033,-0.31118,NaN,NaN,-0.35033,-0.31118,0.27884
1478,-0.31138,-0.27963,NaN,NaN,-0.31138,-0.27963,0.27884
1479,-0.30558,-0.27493,NaN,NaN,-0.30558,-0.27493,0.27884
1480,-0.33251,-0.29674,NaN,NaN,-0.33251,-0.29674,0.27884
1481,-0.38173,-0.33662,NaN,NaN,-0.38173,-0.33662,0.27884
1482,-0.43507,-0.37983,NaN,NaN,-0.43507,-0.37983,0.27884
1483,-0.4713,-0.40918,NaN,NaN,-0.4713,-0.40918,0.27884
1484,-0.47196,-0.40972,NaN,NaN,-0.47196,-0.40972,0.27884
1485,-0.42667,-0.37303,NaN,NaN,-0.42667,-0.37303,0.27884
1486,-0.3363,-0.29982,NaN,NaN,-0.3363,-0.29982,0.27884
1487,-0.21309,-0.2,NaN,NaN,-0.21309,-0.2,0.27884
1488,-0.07771,-0.090328,NaN,NaN,-0.07771,-0.090328,0.27884
1489,0.045808,0.009737,NaN,NaN,0.045808,0.009737,0.27884
1490,0.13587,0.082698,NaN,NaN,0.13587,0.082698,0.27884
1491,0.17818,0.11698,NaN,NaN,0.17818,0.11698,0.27884
1492,0.16849,0.10913,NaN,NaN,0.16849,0.10913,0.27884
1493,0.11263,0.063872,NaN,NaN,0.11263,0.063872,0.27884
1494,0.024165,-0.0077962,NaN,NaN,0.024165,-0.0077962,0.27884
1495,-0.079485,-0.091765,NaN,NaN,-0.079485,-0.091765,0.27884
1496,-0.18122,-0.17418,NaN,NaN,-0.18122,-0.17418,0.27884
1497,-0.26762,-0.24418,NaN,NaN,-0.26762,-0.24418,0.27884
1498,-0.33081,-0.29537,NaN,NaN,-0.33081,-0.29537,0.27884
1499,-0.36857,-0.32596,NaN,NaN,-0.36857,-0.32596,0.27884
1500,-0.29966,-0.27013,NaN,NaN,-0.29966,-0.27013,0.27377
1501,-0.29672,-0.26775,NaN,NaN,-0.29672,-0.26775,0.27377
1502,-0.29415,-0.26567,NaN,NaN,-0.29415,-0.26567,0.27377
1503,-0.28842,-0.26103,NaN,NaN,-0.28842,-0.26103,0.27377
1504,-0.27778,-0.25241,NaN,NaN,-0.27778,-0.25241,0.27377
1505,-0.26312,-0.24053,NaN,NaN,-0.26312,-0.24053,0.27377
1506,-0.24816,-0.22841,NaN,NaN,-0.24816,-0.22841,0.27377
1507,-0.2387,-0.22075,NaN,NaN,-0.2387,-0.22075,0.27377
1508,-0.24109,-0.22269,NaN,NaN,-0.24109,-0.22269,0.27377
1509,-0.26041,-0.23834,NaN,NaN,-0.26041,-0.23834,0.27377
1510,-0.29872,-0.26938,NaN,NaN,-0.29872,-0.26938,0.27377
1511,-0.354,-0.31415,NaN,NaN,-0.354,-0.31415,0.27377
1512,-0.42012,-0.36772,NaN,NaN,-0.42012,-0.36772,0.27377
1513,-0.48792,-0.42265,NaN,NaN,-0.48792,-0.42265,0.27377
1514,-0.54708,-0.47058,NaN,NaN,-0.54708,-0.47058,0.27377
1515,-0.58835,-0.50401,NaN,NaN,-0.58835,-0.50401,0.27377
1516,-0.60551,-0.51791,NaN,NaN,-0.60551,-0.51791,0.27377
1517,-0.59666,-0.51074,NaN,NaN,-0.59666,-0.51074,0.27377
1518,-0.5644,-0.48461,NaN,NaN,-0.5644,-0.48461,0.27377
1519,-0.51512,-0.44468,NaN,NaN,-0.51512,-0.44468,0.27377
1520,-0.45744,-0.39796,NaN,NaN,-0.45744,-0.39796,0.27377
1521,-0.40046,-0.3518,NaN,NaN,-0.40046,-0.3518,0.27377
1522,-0.35199,-0.31253,NaN,NaN,-0.35199,-0.31253,0.27377
1523,-0.31725,-0.28439,NaN,NaN,-0.31725,-0.28439,0.27377
1524,-0.29822,-0.26897,NaN,NaN,-0.29822,-0.26897,0.27377
1525,-0.29362,-0.26524,NaN,NaN,-0.29362,-0.26524,0.27377
1526,-0.29947,-0.26998,NaN,NaN,-0.29947,-0.26998,0.27377
1527,-0.31014,-0.27863,NaN,NaN,-0.31014,-0.27863,0.27377
1528,-0.31959,-0.28628,NaN,NaN,-0.31959,-0.28628,0.27377
1529,-0.32267,-0.28878,NaN,NaN,-0.32267,-0.28878,0.27377
1530,-0.31629,-0.28361,NaN,NaN,-0.31629,-0.28361,0.27377
1531,-0.30015,-0.27053,NaN,NaN,-0.30015,-0.27053,0.27377
1532,-0.27691,-0.2517,NaN,NaN,-0.27691,-0.2517,0.27377
1533,-0.25175,-0.23132,NaN,NaN,-0.25175,-0.23132,0.27377
1534,-0.23125,-0.21472,NaN,NaN,-0.23125,-0.21472,0.27377
1535,-0.22186,-0.20711,NaN,NaN,-0.22186,-0.20711,0.27377
1536,-0.22822,-0.21226,NaN,NaN,-0.22822,-0.21226,0.27377
1537,-0.25181,-0.23137,NaN,NaN,-0.25181,-0.23137,0.27377
1538,-0.29032,-0.26257,NaN,NaN,-0.29032,-0.26257,0.27377
1539,-0.33782,-0.30105,NaN,NaN,-0.33782,-0.30105,0.27377
1540,-0.38598,-0.34006,NaN,NaN,-0.38598,-0.34006,0.27377
1541,-0.42583,-0.37235,NaN,NaN,-0.42583,-0.37235,0.27377
1542,-0.44983,-0.39179,NaN,NaN,-0.44983,-0.39179,0.27377
1543,-0.45362,-0.39486,NaN,NaN,-0.45362,-0.39486,0.27377
1544,-0.43701,-0.38141,NaN,NaN,-0.43701,-0.38141,0.27377
1545,-0.40405,-0.3547,NaN,NaN,-0.40405,-0.3547,0.27377
1546,-0.36209,-0.32071,NaN,NaN,-0.36209,-0.32071,0.27377
1547,-0.3202,-0.28678,NaN,NaN,-0.3202,-0.28678,0.27377
1548,-0.28717,-0.26002,NaN,NaN,-0.28717,-0.26002,0.27377
1549,-0.26965,-0.24583,NaN,NaN,-0.26965,-0.24583,0.27377
1550,-0.27086,-0.2468,NaN,NaN,-0.27086,-0.2468,0.27377
1551,-0.28995,-0.26227,NaN,NaN,-0.28995,-0.26227,0.27377
1552,-0.32235,-0.28852,NaN,NaN,-0.32235,-0.28852,0.27377
1553,-0.36089,-0.31974,NaN,NaN,-0.36089,-0.31974,0.27377
1554,-0.39744,-0.34935,NaN,NaN,-0.39744,-0.34935,0.27377
1555,-0.42484,-0.37155,NaN,NaN,-0.42484,-0.37155,0.27377
1556,-0.43859,-0.38268,NaN,NaN,-0.43859,-0.38268,0.27377
1557,-0.43787,-0.38211,NaN,NaN,-0.43787,-0.38211,0.27377
1558,-0.42577,-0.3723,NaN,NaN,-0.42577,-0.3723,0.27377
1559,-0.4083,-0.35814,NaN,NaN,-0.4083,-0.35814,0.27377
1560,-0.39274,-0.34554,NaN,NaN,-0.39274,-0.34554,0.27377
1561,-0.38541,-0.3396,NaN,NaN,-0.38541,-0.3396,0.27377
1562,-0.38962,-0.34301,NaN,NaN,-0.38962,-0.34301,0.27377
1563,-0.4044,-0.35499,NaN,NaN,-0.4044,-0.35499,0.27377
1564,-0.42458,-0.37134,NaN,NaN,-0.42458,-0.37134,0.27377
1565,-0.44214,-0.38556,NaN,NaN,-0.44214,-0.38556,0.27377
1566,-0.4488,-0.39096,NaN,NaN,-0.4488,-0.39096,0.27377
1567,-0.43899,-0.38301,NaN,NaN,-0.43899,-0.38301,0.27377
1568,-0.41221,-0.36132,NaN,NaN,-0.41221,-0.36132,0.27377
1569,-0.37402,-0.33038,NaN,NaN,-0.37402,-0.33038,0.27377
1570,-0.33508,-0.29883,NaN,NaN,-0.33508,-0.29883,0.27377
1571,-0.30832,-0.27715,NaN,NaN,-0.30832,-0.27715,0.27377
1572,-0.30494,-0.27441,NaN,NaN,-0.30494,-0.27441,0.27377
1573,-0.33055,-0.29516,NaN,NaN,-0.33055,-0.29516,0.27377
1574,-0.38259,-0.33732,NaN,NaN,-0.38259,-0.33732,0.27377
1575,-0.45012,-0.39202,NaN,NaN,-0.45012,-0.39202,0.27377
1576,-0.5162,-0.44556,NaN,NaN,-0.5162,-0.44556,0.27377
1577,-0.56234,-0.48294,NaN,NaN,-0.56234,-0.48294,0.27377
1578,-0.57374,-0.49217,NaN,NaN,-0.57374,-0.49217,0.27377
1579,-0.54363,-0.46778,NaN,NaN,-0.54363,-0.46778,0.27377
1580,-0.47547,-0.41257,NaN,NaN,-0.47547,-0.41257,0.27377
1581,-0.38215,-0.33697,NaN,NaN,-0.38215,-0.33697,0.27377
1582,-0.28231,-0.25608,NaN,NaN,-0.28231,-0.25608,0.27377
1583,-0.19504,-0.18538,NaN,NaN,-0.19504,-0.18538,0.27377
1584,-0.13445,-0.13629,NaN,NaN,-0.13445,-0.13629,0.27377
1585,-0.10586,-0.11313,NaN,NaN,-0.10586,-0.11313,0.27377
1586,-0.10485,-0.11231,NaN,NaN,-0.10485,-0.11231,0.27377
1587,-0.11921,-0.12395,NaN,NaN,-0.11921,-0.12395,0.27377
1588,-0.13348,-0.13551,NaN,NaN,-0.13348,-0.13551,0.27377
1589,-0.13424,-0.13612,NaN,NaN,-0.13424,-0.13612,0.27377
1590,-0.11475,-0.12033,NaN,NaN,-0.11475,-0.12033,0.27377
1591,-0.077417,-0.09009,NaN,NaN,-0.077417,-0.09009,0.27377
1592,-0.033339,-0.054381,NaN,NaN,-0.033339,-0.054381,0.27377
1593,0.00084679,-0.026687,NaN,NaN,0.00084679,-0.026687,0.27377
1594,0.007797,-0.021056,NaN,NaN,0.007797,-0.021056,0.27377
1595,-0.025404,-0.047953,NaN,NaN,-0.025404,-0.047953,0.27377
1596,-0.10328,-0.11104,NaN,NaN,-0.10328,-0.11104,0.27377
1597,-0.22021,-0.20577,NaN,NaN,-0.22021,-0.20577,0.27377
1598,-0.36124,-0.32003,NaN,NaN,-0.36124,-0.32003,0.27377
1599,-0.50521,-0.43665,NaN,NaN,-0.50521,-0.43665,0.27377
1600,-0.62931,-0.53719,NaN,NaN,-0.62931,-0.53719,0.27377
1601,-0.71403,-0.60582,NaN,NaN,-0.71403,-0.60582,0.27377
1602,-0.74731,-0.63279,NaN,NaN,-0.74731,-0.63279,0.27377
1603,-0.72704,-0.61637,NaN,NaN,-0.72704,-0.61637,0.27377
1604,-0.66136,-0.56316,NaN,NaN,-0.66136,-0.56316,0.27377
1605,-0.5668,-0.48655,NaN,NaN,-0.5668,-0.48655,0.27377
1606,-0.46449,-0.40367,NaN,NaN,-0.46449,-0.40367,0.27377
1607,-0.37548,-0.33156,NaN,NaN,-0.37548,-0.33156,0.27377
1608,-0.31601,-0.28338,NaN,NaN,-0.31601,-0.28338,0.27377
1609,-0.29397,-0.26553,NaN,NaN,-0.29397,-0.26553,0.27377
1610,-0.30742,-0.27642,NaN,NaN,-0.30742,-0.27642,0.27377
1611,-0.34554,-0.3073,NaN,NaN,-0.34554,-0.3073,0.27377
1612,-0.39186,-0.34483,NaN,NaN,-0.39186,-0.34483,0.27377
1613,-0.42894,-0.37487,NaN,NaN,-0.42894,-0.37487,0.27377
1614,-0.4432,-0.38642,NaN,NaN,-0.4432,-0.38642,0.27377
1615,-0.42864,-0.37462,NaN,NaN,-0.42864,-0.37462,0.27377
1616,-0.38837,-0.34201,NaN,NaN,-0.38837,-0.34201,0.27377
1617,-0.33367,-0.29769,NaN,NaN,-0.33367,-0.29769,0.27377
1618,-0.28074,-0.25481,NaN,NaN,-0.28074,-0.25481,0.27377
1619,-0.24635,-0.22695,NaN,NaN,-0.24635,-0.22695,0.27377
1620,-0.24346,-0.2246,NaN,NaN,-0.24346,-0.2246,0.27377
1621,-0.27797,-0.25256,NaN,NaN,-0.27797,-0.25256,0.27377
1622,-0.34752,-0.30891,NaN,NaN,-0.34752,-0.30891,0.27377
1623,-0.44224,-0.38564,NaN,NaN,-0.44224,-0.38564,0.27377
1624,-0.54705,-0.47055,NaN,NaN,-0.54705,-0.47055,0.27377
1625,-0.64494,-0.54986,NaN,NaN,-0.64494,-0.54986,0.27377
1626,-0.72015,-0.61078,NaN,NaN,-0.72015,-0.61078,0.27377
1627,-0.76081,-0.64372,NaN,NaN,-0.76081,-0.64372,0.27377
1628,-0.76063,-0.64358,NaN,NaN,-0.76063,-0.64358,0.27377
1629,-0.71962,-0.61035,NaN,NaN,-0.71962,-0.61035,0.27377
1630,-0.64384,-0.54897,NaN,NaN,-0.64384,-0.54897,0.27377
1631,-0.54444,-0.46843,NaN,NaN,-0.54444,-0.46843,0.27377
1632,-0.4359,-0.38051,NaN,NaN,-0.4359,-0.38051,0.27377
1633,-0.33389,-0.29787,NaN,NaN,-0.33389,-0.29787,0.27377
1634,-0.25257,-0.23199,NaN,NaN,-0.25257,-0.23199,0.27377
1635,-0.2021,-0.1911,NaN,NaN,-0.2021,-0.1911,0.27377
1636,-0.1866,-0.17854,NaN,NaN,-0.1866,-0.17854,0.27377
1637,-0.20321,-0.192,NaN,NaN,-0.20321,-0.192,0.27377
1638,-0.24279,-0.22406,NaN,NaN,-0.24279,-0.22406,0.27377
1639,-0.29198,-0.26392,NaN,NaN,-0.29198,-0.26392,0.27377
1640,-0.33667,-0.30011,NaN,NaN,-0.33667,-0.30011,0.27377
1641,-0.36557,-0.32353,NaN,NaN,-0.36557,-0.32353,0.27377
1642,-0.37333,-0.32981,NaN,NaN,-0.37333,-0.32981,0.27377
1643,-0.36181,-0.32049,NaN,NaN,-0.36181,-0.32049,0.27377
1644,-0.33937,-0.3023,NaN,NaN,-0.33937,-0.3023,0.27377
1645,-0.31794,-0.28495,NaN,NaN,-0.31794,-0.28495,0.27377
1646,-0.30895,-0.27767,NaN,NaN,-0.30895,-0.27767,0.27377
1647,-0.31912,-0.2859,NaN,NaN,-0.31912,-0.2859,0.27377
1648,-0.3476,-0.30897,NaN,NaN,-0.3476,-0.30897,0.27377
1649,-0.38554,-0.33971,NaN,NaN,-0.38554,-0.33971,0.27377
1650,-0.41828,-0.36623,NaN,NaN,-0.41828,-0.36623,0.27377
1651,-0.42981,-0.37557,NaN,NaN,-0.42981,-0.37557,0.27377
1652,-0.40808,-0.35797,NaN,NaN,-0.40808,-0.35797,0.27377
1653,-0.3497,-0.31067,NaN,NaN,-0.3497,-0.31067,0.27377
1654,-0.26221,-0.2398,NaN,NaN,-0.26221,-0.2398,0.27377
1655,-0.16336,-0.15972,NaN,NaN,-0.16336,-0.15972,0.27377
1656,-0.077029,-0.089776,NaN,NaN,-0.077029,-0.089776,0.27377
1657,-0.027089,-0.049318,NaN,NaN,-0.027089,-0.049318,0.27377
1658,-0.030774,-0.052304,NaN,NaN,-0.030774,-0.052304,0.27377
1659,-0.093503,-0.10312,NaN,NaN,-0.093503,-0.10312,0.27377
1660,-0.20669,-0.19482,NaN,NaN,-0.20669,-0.19482,0.27377
1661,-0.34928,-0.31033,NaN,NaN,-0.34928,-0.31033,0.27377
1662,-0.49261,-0.42645,NaN,NaN,-0.49261,-0.42645,0.27377
1663,-0.60738,-0.51943,NaN,NaN,-0.60738,-0.51943,0.27377
1664,-0.67074,-0.57076,NaN,NaN,-0.67074,-0.57076,0.27377
1665,-0.67168,-0.57152,NaN,NaN,-0.67168,-0.57152,0.27377
1666,-0.61339,-0.52429,NaN,NaN,-0.61339,-0.52429,0.27377
1667,-0.51193,-0.4421,NaN,NaN,-0.51193,-0.4421,0.27377
1668,-0.39196,-0.34491,NaN,NaN,-0.39196,-0.34491,0.27377
1669,-0.28058,-0.25468,NaN,NaN,-0.28058,-0.25468,0.27377
1670,-0.20106,-0.19026,NaN,NaN,-0.20106,-0.19026,0.27377
1671,-0.16803,-0.1635,NaN,NaN,-0.16803,-0.1635,0.27377
1672,-0.18504,-0.17728,NaN,NaN,-0.18504,-0.17728,0.27377
1673,-0.24497,-0.22583,NaN,NaN,-0.24497,-0.22583,0.27377
1674,-0.33279,-0.29697,NaN,NaN,-0.33279,-0.29697,0.27377
1675,-0.42967,-0.37546,NaN,NaN,-0.42967,-0.37546,0.27377
1676,-0.51755,-0.44665,NaN,NaN,-0.51755,-0.44665,0.27377
1677,-0.58285,-0.49956,NaN,NaN,-0.58285,-0.49956,0.27377
1678,-0.61871,-0.52861,NaN,NaN,-0.61871,-0.52861,0.27377
1679,-0.62543,-0.53405,NaN,NaN,-0.62543,-0.53405,0.27377
1680,-0.60917,-0.52088,NaN,NaN,-0.60917,-0.52088,0.27377
1681,-0.57953,-0.49687,NaN,NaN,-0.57953,-0.49687,0.27377
1682,-0.54659,-0.47018,NaN,NaN,-0.54659,-0.47018,0.27377
1683,-0.51824,-0.44722,NaN,NaN,-0.51824,-0.44722,0.27377
1684,-0.49863,-0.43133,NaN,NaN,-0.49863,-0.43133,0.27377
1685,-0.48779,-0.42254,NaN,NaN,-0.48779,-0.42254,0.27377
1686,-0.48267,-0.41839,NaN,NaN,-0.48267,-0.41839,0.27377
1687,-0.47908,-0.41548,NaN,NaN,-0.47908,-0.41548,0.27377
1688,-0.47379,-0.4112,NaN,NaN,-0.47379,-0.4112,0.27377
1689,-0.4661,-0.40497,NaN,NaN,-0.4661,-0.40497,0.27377
1690,-0.4583,-0.39865,NaN,NaN,-0.4583,-0.39865,0.27377
1691,-0.45483,-0.39584,NaN,NaN,-0.45483,-0.39584,0.27377
1692,-0.46047,-0.40041,NaN,NaN,-0.46047,-0.40041,0.27377
1693,-0.47823,-0.4148,NaN,NaN,-0.47823,-0.4148,0.27377
1694,-0.50777,-0.43873,NaN,NaN,-0.50777,-0.43873,0.27377
1695,-0.54504,-0.46892,NaN,NaN,-0.54504,-0.46892,0.27377
1696,-0.58317,-0.49981,NaN,NaN,-0.58317,-0.49981,0.27377
1697,-0.61459,-0.52527,NaN,NaN,-0.61459,-0.52527,0.27377
1698,-0.63332,-0.54044,NaN,NaN,-0.63332,-0.54044,0.27377
1699,-0.6366,-0.5431,NaN,NaN,-0.6366,-0.5431,0.27377
1700,-0.62534,-0.53398,-0.46247,-0.40203,-0.62534,-0.53398,0.27732
1701,-0.60297,-0.51585,-0.51005,-0.44057,-0.60297,-0.51585,0.27732
1702,-0.57339,-0.49189,-0.55513,-0.4771,-0.57339,-0.49189,0.27732
1703,-0.53888,-0.46393,-0.58717,-0.50306,-0.53888,-0.46393,0.27732
1704,-0.49887,-0.43152,-0.59667,-0.51075,-0.49887,-0.43152,0.27732
1705,-0.45044,-0.39229,-0.57805,-0.49567,-0.45044,-0.39229,0.27732
1706,-0.39022,-0.3435,-0.532,-0.45836,-0.39022,-0.3435,0.27732
1707,-0.31715,-0.2843,-0.46644,-0.40524,-0.31715,-0.2843,0.27732
1708,-0.23485,-0.21763,-0.39543,-0.34772,-0.23485,-0.21763,0.27732
1709,-0.15231,-0.15076,-0.33601,-0.29958,-0.15231,-0.15076,0.27732
1710,-0.082461,-0.094176,-0.30366,-0.27338,-0.082461,-0.094176,0.27732
1711,-0.038767,-0.058779,-0.30761,-0.27657,-0.038767,-0.058779,0.27732
1712,-0.030992,-0.05248,-0.34763,-0.30899,-0.030992,-0.05248,0.27732
1713,-0.061633,-0.077304,-0.41337,-0.36225,-0.061633,-0.077304,0.27732
1714,-0.12443,-0.12818,-0.48679,-0.42173,-0.12443,-0.12818,0.27732
1715,-0.20565,-0.19397,-0.54693,-0.47045,-0.20565,-0.19397,0.27732
1716,-0.28777,-0.2605,-0.57586,-0.49389,-0.28777,-0.2605,0.27732
1717,-0.35442,-0.3145,-0.56369,-0.48403,-0.35442,-0.3145,0.27732
1718,-0.39488,-0.34728,-0.51137,-0.44165,-0.39488,-0.34728,0.27732
1719,-0.40659,-0.35676,-0.43025,-0.37593,-0.40659,-0.35676,0.27732
1720,-0.39506,-0.34742,-0.33886,-0.30189,-0.39506,-0.34742,0.27732
1721,-0.37134,-0.3282,-0.25791,-0.23631,-0.37134,-0.3282,0.27732
1722,-0.34811,-0.30938,-0.2053,-0.19369,-0.34811,-0.30938,0.27732
1723,-0.33593,-0.29952,-0.1924,-0.18324,-0.33593,-0.29952,0.27732
1724,-0.34071,-0.30339,-0.22254,-0.20766,-0.34071,-0.30339,0.27732
1725,-0.36303,-0.32147,-0.29156,-0.26357,-0.36303,-0.32147,0.27732
1726,-0.39916,-0.35074,-0.38977,-0.34313,-0.39916,-0.35074,0.27732
1727,-0.44288,-0.38616,-0.50426,-0.43589,-0.44288,-0.38616,0.27732
1728,-0.48738,-0.42221,-0.62087,-0.53036,-0.48738,-0.42221,0.27732
1729,-0.52645,-0.45386,-0.72548,-0.6151,-0.52645,-0.45386,0.27732
1730,-0.55509,-0.47706,-0.80505,-0.67957,-0.55509,-0.47706,0.27732
1731,-0.56961,-0.48883,-0.84872,-0.71494,-0.56961,-0.48883,0.27732
1732,-0.56785,-0.4874,-0.84941,-0.7155,-0.56785,-0.4874,0.27732
1733,-0.54969,-0.47269,-0.80582,-0.68019,-0.54969,-0.47269,0.27732
1734,-0.51774,-0.44681,-0.72404,-0.61394,-0.51774,-0.44681,0.27732
1735,-0.47778,-0.41443,-0.61792,-0.52797,-0.47778,-0.41443,0.27732
1736,-0.43821,-0.38238,-0.50742,-0.43845,-0.43821,-0.38238,0.27732
1737,-0.40852,-0.35833,-0.41483,-0.36344,-0.40852,-0.35833,0.27732
1738,-0.3967,-0.34875,-0.35942,-0.31855,-0.3967,-0.34875,0.27732
1739,-0.40653,-0.35671,-0.35214,-0.31265,-0.40653,-0.35671,0.27732
1740,-0.43571,-0.38035,-0.3919,-0.34486,-0.43571,-0.38035,0.27732
1741,-0.47575,-0.41279,-0.46503,-0.40411,-0.47575,-0.41279,0.27732
1742,-0.5139,-0.4437,-0.5483,-0.47156,-0.5139,-0.4437,0.27732
1743,-0.53675,-0.46221,-0.61501,-0.52561,-0.53675,-0.46221,0.27732
1744,-0.53441,-0.46031,-0.64249,-0.54787,-0.53441,-0.46031,0.27732
1745,-0.50393,-0.43562,-0.61874,-0.52863,-0.50393,-0.43562,0.27732
1746,-0.45075,-0.39254,-0.54631,-0.46995,-0.45075,-0.39254,0.27732
1747,-0.38766,-0.34142,-0.44192,-0.38538,-0.38766,-0.34142,0.27732
1748,-0.33147,-0.29591,-0.33211,-0.29642,-0.33147,-0.29591,0.27732
1749,-0.29847,-0.26917,-0.24599,-0.22666,-0.29847,-0.26917,0.27732
1750,-0.2999,-0.27033,-0.20725,-0.19527,-0.2999,-0.27033,0.27732
1751,-0.3389,-0.30193,-0.22782,-0.21194,-0.3389,-0.30193,0.27732
1752,-0.40957,-0.35917,-0.3049,-0.27438,-0.40957,-0.35917,0.27732
1753,-0.49844,-0.43117,-0.42216,-0.36938,-0.49844,-0.43117,0.27732
1754,-0.58783,-0.50359,-0.55461,-0.47668,-0.58783,-0.50359,0.27732
1755,-0.66001,-0.56207,-0.67558,-0.57468,-0.66001,-0.56207,0.27732
1756,-0.70127,-0.59549,-0.76365,-0.64602,-0.70127,-0.59549,0.27732
1757,-0.70473,-0.59829,-0.80767,-0.68169,-0.70473,-0.59829,0.27732
1758,-0.67147,-0.57134,-0.80845,-0.68232,-0.67147,-0.57134,0.27732
1759,-0.60971,-0.52131,-0.77683,-0.6567,-0.60971,-0.52131,0.27732
1760,-0.5325,-0.45876,-0.729,-0.61795,-0.5325,-0.45876,0.27732
1761,-0.4544,-0.39549,-0.6807,-0.57883,-0.4544,-0.39549,0.27732
1762,-0.38817,-0.34184,-0.64211,-0.54756,-0.38817,-0.34184,0.27732
1763,-0.34218,-0.30458,-0.61508,-0.52566,-0.34218,-0.30458,0.27732
1764,-0.31917,-0.28594,-0.59361,-0.50827,-0.31917,-0.28594,0.27732
1765,-0.31654,-0.28381,-0.5672,-0.48687,-0.31654,-0.28381,0.27732
1766,-0.32804,-0.29313,-0.52591,-0.45343,-0.32804,-0.29313,0.27732
1767,-0.34618,-0.30782,-0.46536,-0.40437,-0.34618,-0.30782,0.27732
1768,-0.36464,-0.32278,-0.38968,-0.34306,-0.36464,-0.32278,0.27732
1769,-0.3799,-0.33514,-0.31144,-0.27968,-0.3799,-0.33514,0.27732
1770,-0.39165,-0.34466,-0.24815,-0.22841,-0.39165,-0.34466,0.27732
1771,-0.40198,-0.35303,-0.21663,-0.20287,-0.40198,-0.35303,0.27732
1772,-0.41374,-0.36255,-0.22692,-0.21121,-0.41374,-0.36255,0.27732
1773,-0.42882,-0.37477,-0.27819,-0.25274,-0.42882,-0.37477,0.27732
1774,-0.4471,-0.38958,-0.35794,-0.31735,-0.4471,-0.38958,0.27732
1775,-0.46642,-0.40523,-0.44538,-0.38818,-0.46642,-0.40523,0.27732
1776,-0.48365,-0.41919,-0.51775,-0.44681,-0.48365,-0.41919,0.27732
1777,-0.49637,-0.4295,-0.55776,-0.47922,-0.49637,-0.4295,0.27732
1778,-0.50436,-0.43597,-0.55945,-0.48059,-0.50436,-0.43597,0.27732
1779,-0.51022,-0.44072,-0.53038,-0.45705,-0.51022,-0.44072,0.27732
1780,-0.51868,-0.44757,-0.48918,-0.42367,-0.51868,-0.44757,0.27732
1781,-0.53465,-0.46051,-0.45911,-0.39931,-0.53465,-0.46051,0.27732
1782,-0.56082,-0.48171,-0.4597,-0.39978,-0.56082,-0.48171,0.27732
1783,-0.59559,-0.50987,-0.49947,-0.432,-0.59559,-0.50987,0.27732
1784,-0.63236,-0.53967,-0.57215,-0.49089,-0.63236,-0.53967,0.27732
1785,-0.66081,-0.56271,-0.65806,-0.56049,-0.66081,-0.56271,0.27732
1786,-0.66973,-0.56994,-0.73018,-0.61891,-0.66973,-0.56994,0.27732
1787,-0.65092,-0.5547,-0.76311,-0.64559,-0.65092,-0.5547,0.27732
1788,-0.6026,-0.51555,-0.74186,-0.62837,-0.6026,-0.51555,0.27732
1789,-0.53105,-0.45759,-0.66739,-0.56804,-0.53105,-0.45759,0.27732
1790,-0.44973,-0.39171,-0.55699,-0.4786,-0.44973,-0.39171,0.27732
1791,-0.37567,-0.33171,-0.43918,-0.38317,-0.37567,-0.33171,0.27732
1792,-0.32424,-0.29005,-0.34484,-0.30674,-0.32424,-0.29005,0.27732
1793,-0.30393,-0.27359,-0.29737,-0.26828,-0.30393,-0.27359,0.27732
1794,-0.31288,-0.28084,-0.3053,-0.27471,-0.31288,-0.28084,0.27732
1795,-0.33877,-0.30182,-0.35976,-0.31883,-0.33877,-0.30182,0.27732
1796,-0.36227,-0.32085,-0.43763,-0.38191,-0.36227,-0.32085,0.27732
1797,-0.36316,-0.32158,-0.50931,-0.43998,-0.36316,-0.32158,0.27732
1798,-0.32737,-0.29258,-0.54845,-0.47169,-0.32737,-0.29258,0.27732
1799,-0.2523,-0.23177,-0.54029,-0.46508,-0.2523,-0.23177,0.27732
1800,-0.14876,-0.14788,-0.48591,-0.39832,-0.14876,-0.14788,0.27732
1801,-0.038402,-0.058483,-0.40103,-0.35196,-0.038402,-0.058483,0.27732
1802,0.052474,0.015137,-0.31006,-0.3132,0.052474,0.015137,0.27732
1803,0.10103,0.054473,-0.23747,-0.28814,0.10103,0.054473,0.27732
1804,0.09508,0.049653,-0.19976,-0.2786,0.09508,0.049653,0.27732
1805,0.037062,0.0026521,-0.20059,-0.28165,0.037062,0.0026521,0.27732
1806,-0.056654,-0.07327,-0.23079,-0.29091,-0.056654,-0.07327,0.27732
1807,-0.16091,-0.15773,-0.27286,-0.29921,-0.16091,-0.15773,0.27732
1808,-0.24972,-0.22968,-0.30824,-0.30139,-0.24972,-0.22968,0.27732
1809,-0.30444,-0.274,-0.32444,-0.29646,-0.30444,-0.274,0.27732
1810,-0.31949,-0.2862,-0.31964,-0.28816,-0.31949,-0.2862,0.27732
1811,-0.30385,-0.27353,-0.30298,-0.2838,-0.30385,-0.27353,0.27732
1812,-0.2778,-0.25243,-0.29073,-0.2918,-0.2778,-0.25243,0.27732
1813,-0.26606,-0.24291,-0.29973,-0.31864,-0.26606,-0.24291,0.27732
1814,-0.28943,-0.26185,-0.34063,-0.36635,-0.28943,-0.26185,0.27732
1815,-0.35769,-0.31715,-0.41325,-0.43118,-0.35769,-0.31715,0.27732
1816,-0.46576,-0.40469,-0.50577,-0.50395,-0.46576,-0.40469,0.27732
1817,-0.59435,-0.50887,-0.59789,-0.57192,-0.59435,-0.50887,0.27732
1818,-0.71496,-0.60658,-0.66693,-0.62165,-0.71496,-0.60658,0.27732
1819,-0.79766,-0.67357,-0.69473,-0.6422,-0.79766,-0.67357,0.27732
1820,-0.81938,-0.69118,-0.67318,-0.62783,-0.81938,-0.69118,0.27732
1821,-0.7706,-0.65166,-0.60664,-0.57958,-0.7706,-0.65166,0.27732
1822,-0.65824,-0.56063,-0.51066,-0.50528,-0.65824,-0.56063,0.27732
1823,-0.5042,-0.43584,-0.40746,-0.41808,-0.5042,-0.43584,0.27732
1824,-0.33989,-0.30272,-0.31971,-0.33366,-0.33989,-0.30272,0.27732
1825,-0.19819,-0.18793,-0.26462,-0.26684,-0.19819,-0.18793,0.27732
1826,-0.10518,-0.11258,-0.2498,-0.2284,-0.10518,-0.11258,0.27732
1827,-0.073773,-0.087138,-0.27225,-0.2228,-0.073773,-0.087138,0.27732
1828,-0.10111,-0.10929,-0.32029,-0.24755,-0.10111,-0.10929,0.27732
1829,-0.17032,-0.16536,-0.37778,-0.29428,-0.17032,-0.16536,0.27732
1830,-0.25602,-0.23478,-0.42911,-0.35114,-0.25602,-0.23478,0.27732
1831,-0.33186,-0.29622,-0.46335,-0.40594,-0.33186,-0.29622,0.27732
1832,-0.37791,-0.33352,-0.47653,-0.44895,-0.37791,-0.33352,0.27732
1833,-0.38557,-0.33973,-0.47146,-0.47468,-0.38557,-0.33973,0.27732
1834,-0.35876,-0.31801,-0.4554,-0.48221,-0.35876,-0.31801,0.27732
1835,-0.31116,-0.27945,-0.43668,-0.47422,-0.31116,-0.27945,0.27732
1836,-0.26068,-0.23856,-0.42135,-0.4552,-0.26068,-0.23856,0.27732
1837,-0.22309,-0.20811,-0.4112,-0.42965,-0.22309,-0.20811,0.27732
1838,-0.20707,-0.19512,-0.40356,-0.40095,-0.20707,-0.19512,0.27732
1839,-0.21215,-0.19924,-0.39296,-0.37107,-0.21215,-0.19924,0.27732
1840,-0.23014,-0.21381,-0.37387,-0.34114,-0.23014,-0.21381,0.27732
1841,-0.24919,-0.22925,-0.34349,-0.31234,-0.24919,-0.22925,0.27732
1842,-0.25892,-0.23713,-0.3036,-0.28662,-0.25892,-0.23713,0.27732
1843,-0.25447,-0.23353,-0.26063,-0.26672,-0.25447,-0.23353,0.27732
1844,-0.23821,-0.22036,-0.22391,-0.25561,-0.23821,-0.22036,0.27732
1845,-0.21842,-0.20432,-0.20272,-0.25534,-0.21842,-0.20432,0.27732
1846,-0.20563,-0.19396,-0.20296,-0.266,-0.20563,-0.19396,0.27732
1847,-0.20811,-0.19596,-0.22478,-0.28517,-0.20811,-0.19596,0.27732
1848,-0.2283,-0.21233,-0.26194,-0.30814,-0.2283,-0.21233,0.27732
1849,-0.26156,-0.23927,-0.30333,-0.32894,-0.26156,-0.23927,0.27732
1850,-0.29758,-0.26845,-0.33618,-0.34182,-0.29758,-0.26845,0.27732
1851,-0.32404,-0.28989,-0.35003,-0.34262,-0.32404,-0.28989,0.27732
1852,-0.33106,-0.29558,-0.34019,-0.3297,-0.33106,-0.29558,0.27732
1853,-0.3148,-0.2824,-0.30937,-0.30409,-0.3148,-0.2824,0.27732
1854,-0.27897,-0.25338,-0.26706,-0.26903,-0.27897,-0.25338,0.27732
1855,-0.23379,-0.21677,-0.22662,-0.22904,-0.23379,-0.21677,0.27732
1856,-0.19279,-0.18355,-0.20109,-0.18895,-0.19279,-0.18355,0.27732
1857,-0.16864,-0.16399,-0.19906,-0.15314,-0.16864,-0.16399,0.27732
1858,-0.16942,-0.16463,-0.22198,-0.12512,-0.16942,-0.16463,0.27732
1859,-0.1964,-0.18648,-0.2637,-0.10726,-0.1964,-0.18648,0.27732
1860,-0.24395,-0.225,-0.31248,-0.10075,-0.24395,-0.225,0.27732
1861,-0.30141,-0.27156,-0.35472,-0.10545,-0.30141,-0.27156,0.27732
1862,-0.35612,-0.31588,-0.37915,-0.11983,-0.35612,-0.31588,0.27732
1863,-0.39661,-0.34867,-0.38019,-0.14108,-0.39661,-0.34867,0.27732
1864,-0.41513,-0.36368,-0.35936,-0.16549,-0.41513,-0.36368,0.27732
1865,-0.40895,-0.35867,-0.32445,-0.18919,-0.40895,-0.35867,0.27732
1866,-0.38025,-0.33542,-0.28684,-0.20899,-0.38025,-0.33542,0.27732
1867,-0.33503,-0.29879,-0.25789,-0.22318,-0.33503,-0.29879,0.27732
1868,-0.28137,-0.25532,-0.24556,-0.23181,-0.28137,-0.25532,0.27732
1869,-0.22762,-0.21178,-0.25245,-0.23644,-0.22762,-0.21178,0.27732
1870,-0.18085,-0.17389,-0.27541,-0.23929,-0.18085,-0.17389,0.27732
1871,-0.14582,-0.1455,-0.30707,-0.24219,-0.14582,-0.1455,0.27732
1872,-0.12449,-0.12822,-0.33828,-0.24573,-0.12449,-0.12822,0.27732
1873,-0.11616,-0.12148,-0.36085,-0.24897,-0.11616,-0.12148,0.27732
1874,-0.11805,-0.12301,-0.36967,-0.2499,-0.11805,-0.12301,0.27732
1875,-0.12624,-0.12964,-0.36365,-0.24644,-0.12624,-0.12964,0.27732
1876,-0.13679,-0.13819,-0.34552,-0.23755,-0.13679,-0.13819,0.27732
1877,-0.14684,-0.14633,-0.32057,-0.22408,-0.14684,-0.14633,0.27732
1878,-0.15531,-0.15319,-0.29496,-0.20888,-0.15531,-0.15319,0.27732
1879,-0.16305,-0.15946,-0.27427,-0.19614,-0.16305,-0.15946,0.27732
1880,-0.1724,-0.16704,-0.26233,-0.19013,-0.1724,-0.16704,0.27732
1881,-0.18614,-0.17817,-0.26082,-0.19381,-0.18614,-0.17817,0.27732
1882,-0.2062,-0.19442,-0.26939,-0.2078,-0.2062,-0.19442,0.27732
1883,-0.23264,-0.21584,-0.28604,-0.23001,-0.23264,-0.21584,0.27732
1884,-0.26321,-0.2406,-0.30765,-0.25605,-0.26321,-0.2406,0.27732
1885,-0.29372,-0.26532,-0.33048,-0.28041,-0.29372,-0.26532,0.27732
1886,-0.31934,-0.28608,-0.35077,-0.29793,-0.31934,-0.28608,0.27732
1887,-0.3361,-0.29966,-0.36525,-0.30519,-0.3361,-0.29966,0.27732
1888,-0.34238,-0.30474,-0.37195,-0.30151,-0.34238,-0.30474,0.27732
1889,-0.3395,-0.30241,-0.3708,-0.28932,-0.3395,-0.30241,0.27732
1890,-0.33121,-0.29569,-0.36408,-0.2736,-0.33121,-0.29569,0.27732
1891,-0.32217,-0.28837,-0.35611,-0.26072,-0.32217,-0.28837,0.27732
1892,-0.31577,-0.28319,-0.35221,-0.25668,-0.31577,-0.28319,0.27732
1893,-0.31222,-0.28031,-0.3569,-0.26523,-0.31222,-0.28031,0.27732
1894,-0.30775,-0.27669,-0.37195,-0.28642,-0.30775,-0.27669,0.27732
1895,-0.29537,-0.26666,-0.39486,-0.31599,-0.29537,-0.26666,0.27732
1896,-0.26728,-0.24391,-0.41877,-0.34611,-0.26728,-0.24391,0.27732
1897,-0.2183,-0.20423,-0.43404,-0.36734,-0.2183,-0.20423,0.27732
1898,-0.14911,-0.14817,-0.43134,-0.37156,-0.14911,-0.14817,0.27732
1899,-0.068094,-0.082538,-0.40544,-0.35506,-0.068094,-0.082538,0.27732
1900,0.0091151,-0.019989,-0.35823,-0.32061,0.0091151,-0.019989,0.27732
1901,0.062849,0.023542,-0.29978,-0.27782,0.062849,0.023542,0.27732
1902,0.074528,0.033004,-0.24649,-0.24119,0.074528,0.033004,0.27732
1903,0.032398,-0.0011266,-0.2166,-0.22617,0.032398,-0.0011266,0.27732
1904,-0.063987,-0.07921,-0.2243,-0.24433,-0.063987,-0.07921,0.27732
1905,-0.20215,-0.19114,-0.27434,-0.299,-0.20215,-0.19114,0.27732
1906,-0.35876,-0.31801,-0.35903,-0.38304,-0.35876,-0.31801,0.27732
1907,-0.50513,-0.43659,-0.45929,-0.47971,-0.50513,-0.43659,0.27732
1908,-0.61462,-0.52529,-0.5494,-0.56661,-0.61462,-0.52529,0.27732
1909,-0.66978,-0.56998,-0.60446,-0.6217,-0.66978,-0.56998,0.27732
1910,-0.66711,-0.56781,-0.60814,-0.6297,-0.66711,-0.56781,0.27732
1911,-0.61768,-0.52777,-0.558,-0.58677,-0.61768,-0.52777,0.27732
1912,-0.54357,-0.46773,-0.4667,-0.5019,-0.54357,-0.46773,0.27732
1913,-0.47109,-0.40901,-0.35843,-0.39455,-0.47109,-0.40901,0.27732
1914,-0.42287,-0.36995,-0.26151,-0.28906,-0.42287,-0.36995,0.27732
1915,-0.41141,-0.36067,-0.19976,-0.20769,-0.41141,-0.36067,0.27732
1916,-0.43594,-0.38054,-0.18525,-0.16434,-0.43594,-0.38054,0.27732
1917,-0.48348,-0.41905,-0.21482,-0.16101,-0.48348,-0.41905,0.27732
1918,-0.53361,-0.45966,-0.27154,-0.18803,-0.53361,-0.45966,0.27732
1919,-0.56519,-0.48525,-0.33053,-0.22786,-0.56519,-0.48525,0.27732
1920,-0.56291,-0.4834,-0.36727,-0.26128,-0.56291,-0.4834,0.27732
1921,-0.52166,-0.44998,-0.36554,-0.2738,-0.52166,-0.44998,0.27732
1922,-0.4475,-0.38991,-0.32266,-0.26034,-0.4475,-0.38991,0.27732
1923,-0.35539,-0.31528,-0.25029,-0.22658,-0.35539,-0.31528,0.27732
1924,-0.2645,-0.24165,-0.17062,-0.18673,-0.2645,-0.24165,0.27732
1925,-0.19295,-0.18368,-0.10937,-0.15837,-0.19295,-0.18368,0.27732
1926,-0.15327,-0.15154,-0.087634,-0.15624,-0.15327,-0.15154,0.27732
1927,-0.14996,-0.14886,-0.11534,-0.18686,-0.14996,-0.14886,0.27732
1928,-0.1793,-0.17263,-0.18804,-0.24588,-0.1793,-0.17263,0.27732
1929,-0.23106,-0.21456,-0.2881,-0.31888,-0.23106,-0.21456,0.27732
1930,-0.29141,-0.26345,-0.38966,-0.38556,-0.29141,-0.26345,0.27732
1931,-0.34602,-0.30769,-0.46586,-0.42575,-0.34602,-0.30769,0.27732
1932,-0.38276,-0.33746,-0.49613,-0.42552,-0.38276,-0.33746,0.27732
1933,-0.39361,-0.34625,-0.47146,-0.38143,-0.39361,-0.34625,0.27732
1934,-0.3757,-0.33174,-0.39624,-0.30151,-0.3757,-0.33174,0.27732
1935,-0.33165,-0.29605,-0.28642,-0.20298,-0.33165,-0.29605,0.27732
1936,-0.26906,-0.24535,-0.16464,-0.10719,-0.26906,-0.24535,0.27732
1937,-0.19944,-0.18895,-0.054109,-0.033717,-0.19944,-0.18895,0.27732
1938,-0.13626,-0.13776,0.02719,0.0047845,-0.13626,-0.13776,0.27732
1939,-0.09251,-0.10232,0.070155,0.0053678,-0.09251,-0.10232,0.27732
1940,-0.078065,-0.090615,0.075377,-0.025421,-0.078065,-0.090615,0.27732
1941,-0.097358,-0.10624,0.051127,-0.074501,-0.097358,-0.10624,0.27732
1942,-0.14812,-0.14737,0.0094369,-0.12683,-0.14812,-0.14737,0.27732
1943,-0.22162,-0.20691,-0.038274,-0.17007,-0.22162,-0.20691,0.27732
1944,-0.30442,-0.27399,-0.084572,-0.19789,-0.30442,-0.27399,0.27732
1945,-0.3814,-0.33635,-0.12733,-0.21094,-0.3814,-0.33635,0.27732
1946,-0.4391,-0.3831,-0.16873,-0.2155,-0.4391,-0.3831,0.27732
1947,-0.4686,-0.407,-0.21248,-0.22029,-0.4686,-0.407,0.27732
1948,-0.4671,-0.40579,-0.26047,-0.23281,-0.4671,-0.40579,0.27732
1949,-0.4379,-0.38213,-0.31035,-0.25635,-0.4379,-0.38213,0.27732
1950,-0.38893,-0.34246,-0.35492,-0.28874,-0.38893,-0.34246,0.27732
1951,-0.33045,-0.29508,-0.38392,-0.32317,-0.33045,-0.29508,0.27732
1952,-0.27258,-0.24819,-0.38754,-0.35064,-0.27258,-0.24819,0.27732
1953,-0.22328,-0.20826,-0.36031,-0.36303,-0.22328,-0.20826,0.27732
1954,-0.18723,-0.17905,-0.30388,-0.35578,-0.18723,-0.17905,0.27732
1955,-0.1655,-0.16145,-0.22748,-0.3292,-0.1655,-0.16145,0.27732
1956,-0.15599,-0.15375,-0.14562,-0.28797,-0.15599,-0.15375,0.27732
1957,-0.1543,-0.15238,-0.073725,-0.23927,-0.1543,-0.15238,0.27732
1958,-0.15483,-0.1528,-0.023282,-0.19029,-0.15483,-0.1528,0.27732
1959,-0.15199,-0.1505,0.0018209,-0.14615,-0.15199,-0.1505,0.27732
1960,-0.14139,-0.14191,0.0062727,-0.10885,-0.14139,-0.14191,0.27732
1961,-0.12079,-0.12523,0.0012682,-0.077774,-0.12079,-0.12523,0.27732
1962,-0.09078,-0.10092,7.4906e-05,-0.051106,-0.09078,-0.10092,0.27732
1963,-0.054717,-0.0717,0.012861,-0.027576,-0.054717,-0.0717,0.27732
1964,-0.018082,-0.042022,0.04268,-0.0076835,-0.018082,-0.042022,0.27732
1965,0.012893,-0.016928,0.084101,0.0061874,0.012893,-0.016928,0.27732
1966,0.032938,-0.00068936,0.12497,0.010777,0.032938,-0.00068936,0.27732
1967,0.039344,0.0045003,0.15071,0.003648,0.039344,0.0045003,0.27732
1968,0.032958,-0.00067285,0.14954,-0.015184,0.032958,-0.00067285,0.27732
1969,0.018205,-0.012625,0.11688,-0.042402,0.018205,-0.012625,0.27732
1970,0.0020554,-0.025708,0.057354,-0.071739,0.0020554,-0.025708,0.27732
1971,-0.0078081,-0.033698,-0.016157,-0.095465,-0.0078081,-0.033698,0.27732
1972,-0.0051273,-0.031527,-0.08612,-0.10651,-0.0051273,-0.031527,0.27732
1973,0.013115,-0.016748,-0.13527,-0.10051,0.013115,-0.016748,0.27732
1974,0.045735,0.0096785,-0.1513,-0.077067,0.045735,0.0096785,0.27732
1975,0.087529,0.043536,-0.12992,-0.039809,0.087529,0.043536,0.27732
1976,0.13056,0.078399,-0.075477,0.0046771,0.13056,0.078399,0.27732
1977,0.16622,0.10728,0.00078192,0.048743,0.16622,0.10728,0.27732
1978,0.18741,0.12445,0.084082,0.085704,0.18741,0.12445,0.27732
1979,0.19039,0.12687,0.15991,0.11139,0.19039,0.12687,0.27732
1980,0.17564,0.11492,0.21713,0.12476,0.17564,0.11492,0.27732
1981,0.14758,0.092189,0.24971,0.12751,0.14758,0.092189,0.27732
1982,0.11334,0.064449,0.25677,0.12292,0.11334,0.064449,0.27732
1983,0.080795,0.038082,0.24151,0.11437,0.080795,0.038082,0.27732
1984,0.056563,0.01845,0.20949,0.1043,0.056563,0.01845,0.27732
1985,0.044465,0.0086496,0.16711,0.093712,0.044465,0.0086496,0.27732
1986,0.044828,0.0089431,0.12066,0.082612,0.044828,0.0089431,0.27732
1987,0.054755,0.016986,0.076069,0.070975,0.054755,0.016986,0.27732
1988,0.069219,0.028703,0.038935,0.059805,0.069219,0.028703,0.27732
1989,0.082563,0.039514,0.014605,0.051731,0.082563,0.039514,0.27732
1990,0.089976,0.045519,0.0077604,0.050773,0.089976,0.045519,0.27732
1991,0.088528,0.044346,0.021537,0.061255,0.088528,0.044346,0.27732
1992,0.07756,0.035461,0.056395,0.086214,0.07756,0.035461,0.27732
1993,0.058414,0.01995,0.10925,0.12593,0.058414,0.01995,0.27732
1994,0.03369,-8.0122e-05,0.1734,0.1772,0.03369,-8.0122e-05,0.27732
1995,0.0063087,-0.022262,0.23949,0.23383,0.0063087,-0.022262,0.27732
